2025-09-25 20:48:11,623 - MainProcess(30612) - MainThread - adsk.dls.streamer - DEBUG :: Logging initialized, with level 10, output file: C:\Users\Lenovo\AppData\Local\Autodesk\autodesk.webdeploy.streamer.log
2025-09-25 20:48:11,624 - MainProcess(30612) - MainThread - adsk.dls.streamer.configuration - INFO :: #################################### Begin ####################################
2025-09-25 20:48:11,624 - MainProcess(30612) - MainThread - adsk.dls.streamer.configuration - INFO :: #                                                                             #
2025-09-25 20:48:11,624 - MainProcess(30612) - MainThread - adsk.dls.streamer.configuration - INFO :: # <adsk.dls.streamer.configuration.Configurator object at 0x0000022C484785D0> #
2025-09-25 20:48:11,624 - MainProcess(30612) - MainThread - adsk.dls.streamer.configuration - INFO :: #                                                                             #
2025-09-25 20:48:11,624 - MainProcess(30612) - MainThread - adsk.dls.streamer.configuration - INFO :: ###############################################################################
2025-09-25 20:48:11,624 - MainProcess(30612) - MainThread - adsk.dls.streamer.manifests - INFO :: Loading build manifest from C:\Users\Lenovo\AppData\Local\Temp\7zS2332.tmp\resources\buildinfo.json
2025-09-25 20:48:11,625 - MainProcess(30612) - MainThread - adsk.dls.streamer.manifests - DEBUG :: Searching for manifest object member: feature-version
2025-09-25 20:48:11,625 - MainProcess(30612) - MainThread - adsk.dls.streamer.configuration - INFO :: The streamer version is: 20230718160705
2025-09-25 20:48:11,625 - MainProcess(30612) - MainThread - adsk.dls.streamer.configuration - DEBUG :: Loading default language: en_US
2025-09-25 20:48:11,625 - MainProcess(30612) - MainThread - adsk.dls.streamer.configuration - DEBUG :: Resource directory set to: C:\Users\Lenovo\AppData\Local\Temp\7zS2332.tmp\resources
2025-09-25 20:48:11,627 - MainProcess(30612) - MainThread - adsk.dls.streamer.__main__ - INFO :: Setup SSL_CERT_FILE environment variable to C:\Users\Lenovo\AppData\Local\Temp\7zS2332.tmp\certs.pem
2025-09-25 20:48:11,627 - MainProcess(30612) - MainThread - adsk.dls.streamer.__main__ - DEBUG :: Defining command line arguments
2025-09-25 20:48:11,628 - MainProcess(30612) - MainThread - adsk.dls.streamer.__main__ - DEBUG :: Overriding standard streams to capture output
2025-09-25 20:48:11,628 - MainProcess(30612) - MainThread - adsk.dls.streamer.__main__ - DEBUG :: Parsing command line arguments
2025-09-25 20:48:11,630 - MainProcess(30612) - MainThread - adsk.dls.streamer.__main__ - INFO :: Command-Line Argument Configuration:
Namespace(procfac=<function deploy_process at 0x0000022C4845D080>, operation=<function multiple_operate at 0x0000022C47B454E0>, app_id='73e72ada57b7480280f7a6f4a289729f', language='en', connection='https://dl.appstreaming.autodesk.com/production/', update_connection=None, stream='production', globalinstall=False, no_auto_launch=False, no_uninstall_registry=False, install_origin='Streamer', profile=False, threadscount=5, installlocation=None, ppid=-1, force_full=False, purge=False, cleanup=False, silent=False, launch_args='', pull_dest=None, loglevel=20, logfile=None, headless=False, pipes=None, quietmode=False, infofile=None, no_cleanup=False, cleancacheall=False, removeuserdata=False, removeusercred=False, deep_clean=False)
2025-09-25 20:48:11,630 - MainProcess(30612) - MainThread - adsk.dls.streamer.__main__ - INFO :: >>>>>>>> app id is 73e72ada57b7480280f7a6f4a289729f ---- stream is production ---- global install is False <<<<<<<<
2025-09-25 20:48:11,630 - MainProcess(30612) - MainThread - adsk.dls.streamer.__main__ - DEBUG :: Resetting the standard streams
2025-09-25 20:48:11,630 - MainProcess(30612) - MainThread - adsk.dls.streamer - INFO :: New logging level: 20
2025-09-25 20:48:11,630 - MainProcess(30612) - MainThread - adsk.dls.streamer.configuration - INFO :: Overriding Connection String: https://dl.appstreaming.autodesk.com/production/
2025-09-25 20:48:12,533 - MainProcess(30612) - InstallDriver - adsk.dls.streamer.process.process - INFO :: Start to run process: Deploy
2025-09-25 20:48:15,551 - MainProcess(30612) - InstallDriver - adsk.dls.streamer.configuration - INFO :: The PAC invoking process was enabled but the proxy is empty
2025-09-25 20:48:16,493 - MainProcess(30612) - InstallDriver - adsk.dls.streamer.registry - INFO :: registry track file C:\Users\Lenovo\AppData\Local\Autodesk\webdeploy\meta\registry_track is created.
2025-09-25 20:48:16,493 - MainProcess(30612) - InstallDriver - adsk.dls.streamer.registry - INFO :: Failed to query database schema, initializing.
2025-09-25 20:48:16,502 - MainProcess(30612) - InstallDriver - adsk.dls.streamer.registry - INFO :: Existing database is at revision 4
2025-09-25 20:48:16,502 - MainProcess(30612) - InstallDriver - adsk.dls.streamer.process.deploy_process - INFO :: Running pre-checks.
2025-09-25 20:48:16,503 - MainProcess(30612) - InstallDriver - adsk.dls.streamer.prechecks - INFO :: precheckclass:- [<class 'adsk.dls.streamer.prechecks.CheckFolderAccessibility'>, <class 'adsk.dls.streamer.prechecks.CheckSSLCertificateIssue'>, <class 'adsk.dls.streamer.prechecks.CheckNetworkConnectivity'>, <class 'adsk.dls.streamer.prechecks.DiskSpaceFull'>]
2025-09-25 20:48:16,503 - MainProcess(30612) - InstallDriver - adsk.dls.streamer.prechecks - INFO :: Start to execute pre-check:- CheckFolderAccessibility
2025-09-25 20:48:16,503 - MainProcess(30612) - InstallDriver - adsk.dls.streamer.prechecks - INFO :: Creating emptry directory: C:\Users\Lenovo\AppData\Local\Autodesk\check_perm
2025-09-25 20:48:16,504 - MainProcess(30612) - InstallDriver - adsk.dls.streamer.prechecks - INFO :: Directory: C:\Users\Lenovo\AppData\Local\Autodesk\check_perm created successfully
2025-09-25 20:48:16,504 - MainProcess(30612) - InstallDriver - adsk.dls.streamer.prechecks - INFO :: Removing directory: C:\Users\Lenovo\AppData\Local\Autodesk\check_perm
2025-09-25 20:48:16,504 - MainProcess(30612) - InstallDriver - adsk.dls.streamer.prechecks - INFO :: Directory C:\Users\Lenovo\AppData\Local\Autodesk\check_perm removed successfully
2025-09-25 20:48:16,504 - MainProcess(30612) - InstallDriver - adsk.dls.streamer.prechecks - INFO :: Full owner permission found on directory: C:\Users\Lenovo\AppData\Local\Autodesk
2025-09-25 20:48:16,504 - MainProcess(30612) - InstallDriver - adsk.dls.streamer.prechecks - INFO :: Finish executing pre-check:- CheckFolderAccessibility, Result:- SUCCESS
2025-09-25 20:48:16,506 - MainProcess(30612) - InstallDriver - adsk.dls.streamer.prechecks - INFO :: Start to execute pre-check:- CheckSSLCertificateIssue
2025-09-25 20:48:16,506 - MainProcess(30612) - InstallDriver - adsk.dls.streamer.prechecks - INFO :: Checking internet connectivity
2025-09-25 20:48:16,574 - MainProcess(30612) - InstallDriver - adsk.dls.streamer.netlib - INFO :: ProxyServer: 
2025-09-25 20:48:16,574 - MainProcess(30612) - InstallDriver - adsk.dls.streamer.netlib - INFO :: Setup HTTPSHandler
2025-09-25 20:48:16,574 - MainProcess(30612) - InstallDriver - adsk.dls.streamer.netlib - INFO :: Setup AuthHandler
2025-09-25 20:48:16,575 - MainProcess(30612) - InstallDriver - adsk.dls.streamer.netlib - INFO :: Begin of logging network information.
2025-09-25 20:48:16,575 - MainProcess(30612) - InstallDriver - adsk.dls.streamer.netlib - INFO :: Proxy mode: ProxyMode.LEGACY
2025-09-25 20:48:16,625 - MainProcess(30612) - InstallDriver - adsk.dls.streamer.netlib - INFO :: Domain name : dl.appstreaming.autodesk.com, edge server ip : 104.101.18.57
2025-09-25 20:48:16,652 - MainProcess(30612) - InstallDriver - adsk.dls.streamer.process.process - INFO :: The host dl.appstreaming.autodesk.com is accessible
2025-09-25 20:48:16,695 - MainProcess(30612) - InstallDriver - adsk.dls.streamer.process.process - INFO :: S_I: NjQ6ZmY5Yjo6Njg2NToxMjM5
2025-09-25 20:48:16,696 - MainProcess(30612) - InstallDriver - adsk.dls.streamer.process.process - INFO :: C_PR_I: MTAuMzkuNzEuOTM=
2025-09-25 20:48:16,696 - MainProcess(30612) - InstallDriver - adsk.dls.streamer.process.process - INFO :: Detected proxies: e30=
2025-09-25 20:48:16,696 - MainProcess(30612) - InstallDriver - adsk.dls.streamer.netlib - INFO :: End of logging network information.
2025-09-25 20:48:16,841 - MainProcess(30612) - InstallDriver - adsk.dls.streamer.prechecks - INFO :: Internet connectivity is OK. <adsk.dls.streamer.netlib._ResilientRequest object at 0x0000022C4849C0D0>
2025-09-25 20:48:16,843 - MainProcess(30612) - InstallDriver - adsk.dls.streamer.prechecks - INFO :: Checking DNS
2025-09-25 20:48:16,866 - MainProcess(30612) - InstallDriver - adsk.dls.streamer.prechecks - INFO :: The domain dl.appstreaming.autodesk.com is accessible
2025-09-25 20:48:16,867 - MainProcess(30612) - InstallDriver - adsk.dls.streamer.prechecks - INFO :: Domain name : dl.appstreaming.autodesk.com, host ip : 104.101.18.57
2025-09-25 20:48:16,867 - MainProcess(30612) - InstallDriver - adsk.dls.streamer.process.process - INFO :: Pulling application manifest: 73e72ada57b7480280f7a6f4a289729f version: None
2025-09-25 20:48:16,867 - MainProcess(30612) - InstallDriver - adsk.dls.streamer.manifests - INFO :: Opening manifest at: https://dl.appstreaming.autodesk.com/production/67316f5e79bc48318aa5f7b6bb58243d/73e72ada57b7480280f7a6f4a289729f/full.json
2025-09-25 20:48:16,923 - MainProcess(30612) - InstallDriver - adsk.dls.streamer.netlib - INFO :: ProxyServer: 
2025-09-25 20:48:16,923 - MainProcess(30612) - InstallDriver - adsk.dls.streamer.netlib - INFO :: Setup HTTPSHandler
2025-09-25 20:48:16,923 - MainProcess(30612) - InstallDriver - adsk.dls.streamer.netlib - INFO :: Setup AuthHandler
2025-09-25 20:48:17,059 - MainProcess(30612) - InstallDriver - adsk.dls.streamer.prechecks - INFO :: No problem in SSL Certificate
2025-09-25 20:48:17,059 - MainProcess(30612) - InstallDriver - adsk.dls.streamer.prechecks - INFO :: Finish executing pre-check:- CheckSSLCertificateIssue, Result:- SUCCESS
2025-09-25 20:48:17,059 - MainProcess(30612) - InstallDriver - adsk.dls.streamer.prechecks - INFO :: Start to execute pre-check:- CheckNetworkConnectivity
2025-09-25 20:48:17,059 - MainProcess(30612) - InstallDriver - adsk.dls.streamer.prechecks - INFO :: Checking internet connectivity
2025-09-25 20:48:17,122 - MainProcess(30612) - InstallDriver - adsk.dls.streamer.netlib - INFO :: ProxyServer: 
2025-09-25 20:48:17,122 - MainProcess(30612) - InstallDriver - adsk.dls.streamer.netlib - INFO :: Setup HTTPSHandler
2025-09-25 20:48:17,122 - MainProcess(30612) - InstallDriver - adsk.dls.streamer.netlib - INFO :: Setup AuthHandler
2025-09-25 20:48:17,292 - MainProcess(30612) - InstallDriver - adsk.dls.streamer.prechecks - INFO :: Internet connectivity is OK. <adsk.dls.streamer.netlib._ResilientRequest object at 0x0000022C484B29D0>
2025-09-25 20:48:17,292 - MainProcess(30612) - InstallDriver - adsk.dls.streamer.prechecks - INFO :: Checking DNS
2025-09-25 20:48:17,316 - MainProcess(30612) - InstallDriver - adsk.dls.streamer.prechecks - INFO :: The domain dl.appstreaming.autodesk.com is accessible
2025-09-25 20:48:17,317 - MainProcess(30612) - InstallDriver - adsk.dls.streamer.prechecks - INFO :: Domain name : dl.appstreaming.autodesk.com, host ip : 104.101.18.57
2025-09-25 20:48:17,380 - MainProcess(30612) - InstallDriver - adsk.dls.streamer.netlib - INFO :: ProxyServer: 
2025-09-25 20:48:17,380 - MainProcess(30612) - InstallDriver - adsk.dls.streamer.netlib - INFO :: Setup HTTPSHandler
2025-09-25 20:48:17,380 - MainProcess(30612) - InstallDriver - adsk.dls.streamer.netlib - INFO :: Setup AuthHandler
2025-09-25 20:48:17,497 - MainProcess(30612) - InstallDriver - adsk.dls.streamer.prechecks - INFO :: Network connectivity is OK <adsk.dls.streamer.netlib._ResilientRequest object at 0x0000022C484B2950>
2025-09-25 20:48:17,498 - MainProcess(30612) - InstallDriver - adsk.dls.streamer.prechecks - INFO :: Finish executing pre-check:- CheckNetworkConnectivity, Result:- SUCCESS
2025-09-25 20:48:17,498 - MainProcess(30612) - InstallDriver - adsk.dls.streamer.prechecks - INFO :: Start to execute pre-check:- DiskSpaceFull
2025-09-25 20:48:17,498 - MainProcess(30612) - InstallDriver - adsk.dls.streamer.prechecks - INFO :: Checking internet connectivity
2025-09-25 20:48:17,561 - MainProcess(30612) - InstallDriver - adsk.dls.streamer.netlib - INFO :: ProxyServer: 
2025-09-25 20:48:17,561 - MainProcess(30612) - InstallDriver - adsk.dls.streamer.netlib - INFO :: Setup HTTPSHandler
2025-09-25 20:48:17,561 - MainProcess(30612) - InstallDriver - adsk.dls.streamer.netlib - INFO :: Setup AuthHandler
2025-09-25 20:48:17,702 - MainProcess(30612) - InstallDriver - adsk.dls.streamer.prechecks - INFO :: Internet connectivity is OK. <adsk.dls.streamer.netlib._ResilientRequest object at 0x0000022C484B2810>
2025-09-25 20:48:17,703 - MainProcess(30612) - InstallDriver - adsk.dls.streamer.prechecks - INFO :: Checking DNS
2025-09-25 20:48:17,730 - MainProcess(30612) - InstallDriver - adsk.dls.streamer.prechecks - INFO :: The domain dl.appstreaming.autodesk.com is accessible
2025-09-25 20:48:17,732 - MainProcess(30612) - InstallDriver - adsk.dls.streamer.prechecks - INFO :: Domain name : dl.appstreaming.autodesk.com, host ip : 104.101.18.57
2025-09-25 20:48:17,732 - MainProcess(30612) - InstallDriver - adsk.dls.streamer.process.process - INFO :: Pulling application manifest: 73e72ada57b7480280f7a6f4a289729f version: None
2025-09-25 20:48:17,732 - MainProcess(30612) - InstallDriver - adsk.dls.streamer.manifests - INFO :: Opening manifest at: https://dl.appstreaming.autodesk.com/production/67316f5e79bc48318aa5f7b6bb58243d/73e72ada57b7480280f7a6f4a289729f/full.json
2025-09-25 20:48:17,797 - MainProcess(30612) - InstallDriver - adsk.dls.streamer.netlib - INFO :: ProxyServer: 
2025-09-25 20:48:17,797 - MainProcess(30612) - InstallDriver - adsk.dls.streamer.netlib - INFO :: Setup HTTPSHandler
2025-09-25 20:48:17,797 - MainProcess(30612) - InstallDriver - adsk.dls.streamer.netlib - INFO :: Setup AuthHandler
2025-09-25 20:48:17,938 - MainProcess(30612) - InstallDriver - adsk.dls.streamer.prechecks - INFO :: Sufficient disk space found on system.
2025-09-25 20:48:17,938 - MainProcess(30612) - InstallDriver - adsk.dls.streamer.prechecks - INFO :: Finish executing pre-check:- DiskSpaceFull, Result:- SUCCESS
2025-09-25 20:48:17,938 - MainProcess(30612) - InstallDriver - adsk.dls.streamer.process.deploy_process - INFO :: Pre-check run is complete. Return value: {}
2025-09-25 20:48:17,938 - MainProcess(30612) - InstallDriver - adsk.dls.streamer.process.process - INFO :: Pulling application manifest: 73e72ada57b7480280f7a6f4a289729f version: None
2025-09-25 20:48:17,938 - MainProcess(30612) - InstallDriver - adsk.dls.streamer.manifests - INFO :: Opening manifest at: https://dl.appstreaming.autodesk.com/production/67316f5e79bc48318aa5f7b6bb58243d/73e72ada57b7480280f7a6f4a289729f/full.json
2025-09-25 20:48:18,001 - MainProcess(30612) - InstallDriver - adsk.dls.streamer.netlib - INFO :: ProxyServer: 
2025-09-25 20:48:18,001 - MainProcess(30612) - InstallDriver - adsk.dls.streamer.netlib - INFO :: Setup HTTPSHandler
2025-09-25 20:48:18,001 - MainProcess(30612) - InstallDriver - adsk.dls.streamer.netlib - INFO :: Setup AuthHandler
2025-09-25 20:48:18,135 - MainProcess(30612) - InstallDriver - adsk.dls.streamer.process.process - INFO :: The session id is 7b01dd53-95e6-4f86-bded-e3e67f6c1aba
2025-09-25 20:48:18,135 - MainProcess(30612) - InstallDriver - adsk.dls.streamer.process.process - INFO :: Configure app begin Deploy to 2604.1.25 for app 73e72ada57b7480280f7a6f4a289729f
2025-09-25 20:48:18,136 - MainProcess(30612) - InstallDriver - adsk.dls.streamer.process.process - INFO :: Detecting the orphans ... 
2025-09-25 20:48:18,136 - MainProcess(30612) - InstallDriver - adsk.dls.streamer.process.process - INFO :: Executing special action 839cfbb44dc7466fa5ed8a9c7e749813(CHECK_SUPPORTED_OS)
2025-09-25 20:48:18,136 - MainProcess(30612) - InstallDriver - adsk.dls.streamer.platform_base - INFO :: Required OS version: [10, 0, 17763]
2025-09-25 20:48:18,448 - MainProcess(30612) - InstallDriver - adsk.dls.streamer.platform_base - INFO :: Required OS version found.
2025-09-25 20:48:18,448 - MainProcess(30612) - InstallDriver - adsk.dls.streamer.process.process - INFO :: Executing special action 1b891e3c161b456cb570ff9a05c8a9c8(INITIAL_INSTALL_DELETE_FILES)
2025-09-25 20:48:18,459 - MainProcess(30612) - InstallDriver - adsk.dls.streamer.process.process - INFO :: Pulling package manifest: a8aa32f22408eb987c4fe2f440dfe46b8973621a
2025-09-25 20:48:18,459 - MainProcess(30612) - InstallDriver - adsk.dls.streamer.manifests - INFO :: Opening manifest at: https://dl.appstreaming.autodesk.com/production/packages/a8aa32f22408eb987c4fe2f440dfe46b8973621a.json
2025-09-25 20:48:18,525 - MainProcess(30612) - InstallDriver - adsk.dls.streamer.netlib - INFO :: ProxyServer: 
2025-09-25 20:48:18,526 - MainProcess(30612) - InstallDriver - adsk.dls.streamer.netlib - INFO :: Setup HTTPSHandler
2025-09-25 20:48:18,526 - MainProcess(30612) - InstallDriver - adsk.dls.streamer.netlib - INFO :: Setup AuthHandler
2025-09-25 20:48:18,652 - MainProcess(30612) - ThreadPoolExecutor-1_1 - adsk.dls.streamer.process.process - INFO :: Downloading archive from https://dl.appstreaming.autodesk.com/production/packages/3dd03cd834425c40f26e69ec42703c862aff5a0c.tar.xz for package a8aa32f22408eb987c4fe2f440dfe46b8973621a
2025-09-25 20:48:18,654 - MainProcess(30612) - InstallDriver - adsk.dls.streamer.process.process - INFO :: Pulling package manifest: d2a44f25adeddcd72ce3ded18f440548aeb01e62
2025-09-25 20:48:18,687 - MainProcess(30612) - InstallDriver - adsk.dls.streamer.manifests - INFO :: Opening manifest at: https://dl.appstreaming.autodesk.com/production/packages/d2a44f25adeddcd72ce3ded18f440548aeb01e62.json
2025-09-25 20:48:18,736 - MainProcess(30612) - ThreadPoolExecutor-1_1 - adsk.dls.streamer.netlib - INFO :: ProxyServer: 
2025-09-25 20:48:18,750 - MainProcess(30612) - ThreadPoolExecutor-1_1 - adsk.dls.streamer.netlib - INFO :: Setup HTTPSHandler
2025-09-25 20:48:18,750 - MainProcess(30612) - ThreadPoolExecutor-1_1 - adsk.dls.streamer.netlib - INFO :: Setup AuthHandler
2025-09-25 20:48:18,763 - MainProcess(30612) - InstallDriver - adsk.dls.streamer.netlib - INFO :: ProxyServer: 
2025-09-25 20:48:18,764 - MainProcess(30612) - InstallDriver - adsk.dls.streamer.netlib - INFO :: Setup HTTPSHandler
2025-09-25 20:48:18,764 - MainProcess(30612) - InstallDriver - adsk.dls.streamer.netlib - INFO :: Setup AuthHandler
2025-09-25 20:48:18,867 - MainProcess(30612) - ThreadPoolExecutor-1_1 - adsk.dls.streamer.process.process - INFO :: Extract path resolves to: \\?\C:\Users\Lenovo\AppData\Local\Autodesk\webdeploy\production\37a4fdb912fcb7645f48036186017c0cc6730354
2025-09-25 20:48:18,869 - MainProcess(30612) - ThreadPoolExecutor-1_1 - adsk.dls.streamer.process.process - INFO :: Extract path does not exist. Creating
2025-09-25 20:48:18,928 - MainProcess(30612) - ThreadPoolExecutor-1_2 - adsk.dls.streamer.process.process - INFO :: Downloading archive from https://dl.appstreaming.autodesk.com/production/packages/31645ea1cf8f555a79baf1ec5d635de3a8e16293.tar.xz for package d2a44f25adeddcd72ce3ded18f440548aeb01e62
2025-09-25 20:48:18,928 - MainProcess(30612) - InstallDriver - adsk.dls.streamer.process.process - INFO :: Pulling package manifest: 27c3221ddec962aacc7f2b8b6c7c5150133fd43e
2025-09-25 20:48:18,928 - MainProcess(30612) - InstallDriver - adsk.dls.streamer.manifests - INFO :: Opening manifest at: https://dl.appstreaming.autodesk.com/production/packages/27c3221ddec962aacc7f2b8b6c7c5150133fd43e.json
2025-09-25 20:48:19,061 - MainProcess(30612) - ThreadPoolExecutor-1_2 - adsk.dls.streamer.netlib - INFO :: ProxyServer: 
2025-09-25 20:48:19,061 - MainProcess(30612) - ThreadPoolExecutor-1_2 - adsk.dls.streamer.netlib - INFO :: Setup HTTPSHandler
2025-09-25 20:48:19,062 - MainProcess(30612) - ThreadPoolExecutor-1_2 - adsk.dls.streamer.netlib - INFO :: Setup AuthHandler
2025-09-25 20:48:19,085 - MainProcess(30612) - InstallDriver - adsk.dls.streamer.netlib - INFO :: ProxyServer: 
2025-09-25 20:48:19,085 - MainProcess(30612) - InstallDriver - adsk.dls.streamer.netlib - INFO :: Setup HTTPSHandler
2025-09-25 20:48:19,085 - MainProcess(30612) - InstallDriver - adsk.dls.streamer.netlib - INFO :: Setup AuthHandler
2025-09-25 20:48:19,261 - MainProcess(30612) - ThreadPoolExecutor-1_3 - adsk.dls.streamer.process.process - INFO :: Downloading archive from https://dl.appstreaming.autodesk.com/production/packages/da8224da1bf2e01109cb42a8c6c1935b73b8fc32.tar.xz for package 27c3221ddec962aacc7f2b8b6c7c5150133fd43e
2025-09-25 20:48:19,261 - MainProcess(30612) - InstallDriver - adsk.dls.streamer.process.process - INFO :: Pulling package manifest: 27bf30fbd7d8b8ade5d8e98932bc0a796442d735
2025-09-25 20:48:19,261 - MainProcess(30612) - InstallDriver - adsk.dls.streamer.manifests - INFO :: Opening manifest at: https://dl.appstreaming.autodesk.com/production/packages/27bf30fbd7d8b8ade5d8e98932bc0a796442d735.json
2025-09-25 20:48:19,334 - MainProcess(30612) - ThreadPoolExecutor-1_2 - adsk.dls.streamer.process.process - INFO :: Extract path resolves to: \\?\C:\Users\Lenovo\AppData\Local\Autodesk\webdeploy\production\37a4fdb912fcb7645f48036186017c0cc6730354
2025-09-25 20:48:19,400 - MainProcess(30612) - ThreadPoolExecutor-1_3 - adsk.dls.streamer.netlib - INFO :: ProxyServer: 
2025-09-25 20:48:19,400 - MainProcess(30612) - ThreadPoolExecutor-1_3 - adsk.dls.streamer.netlib - INFO :: Setup HTTPSHandler
2025-09-25 20:48:19,400 - MainProcess(30612) - ThreadPoolExecutor-1_3 - adsk.dls.streamer.netlib - INFO :: Setup AuthHandler
2025-09-25 20:48:19,419 - MainProcess(30612) - InstallDriver - adsk.dls.streamer.netlib - INFO :: ProxyServer: 
2025-09-25 20:48:19,420 - MainProcess(30612) - InstallDriver - adsk.dls.streamer.netlib - INFO :: Setup HTTPSHandler
2025-09-25 20:48:19,420 - MainProcess(30612) - InstallDriver - adsk.dls.streamer.netlib - INFO :: Setup AuthHandler
2025-09-25 20:48:19,827 - MainProcess(30612) - ThreadPoolExecutor-1_3 - adsk.dls.streamer.process.process - INFO :: Extract path resolves to: \\?\C:\Users\Lenovo\AppData\Local\Autodesk\webdeploy\production\37a4fdb912fcb7645f48036186017c0cc6730354
2025-09-25 20:48:19,828 - MainProcess(30612) - ThreadPoolExecutor-1_4 - adsk.dls.streamer.process.process - INFO :: Downloading archive from https://dl.appstreaming.autodesk.com/production/packages/18960428e9a59e419973e04defe73136c2e7f32e.tar.xz for package 27bf30fbd7d8b8ade5d8e98932bc0a796442d735
2025-09-25 20:48:19,828 - MainProcess(30612) - InstallDriver - adsk.dls.streamer.process.process - INFO :: Pulling package manifest: 35ec4bb13c880e20c648fd7617e90b7af7295b2d
2025-09-25 20:48:19,873 - MainProcess(30612) - InstallDriver - adsk.dls.streamer.manifests - INFO :: Opening manifest at: https://dl.appstreaming.autodesk.com/production/packages/35ec4bb13c880e20c648fd7617e90b7af7295b2d.json
2025-09-25 20:48:19,986 - MainProcess(30612) - ThreadPoolExecutor-1_4 - adsk.dls.streamer.netlib - INFO :: ProxyServer: 
2025-09-25 20:48:19,993 - MainProcess(30612) - ThreadPoolExecutor-1_4 - adsk.dls.streamer.netlib - INFO :: Setup HTTPSHandler
2025-09-25 20:48:19,993 - MainProcess(30612) - ThreadPoolExecutor-1_4 - adsk.dls.streamer.netlib - INFO :: Setup AuthHandler
2025-09-25 20:48:20,021 - MainProcess(30612) - InstallDriver - adsk.dls.streamer.netlib - INFO :: ProxyServer: 
2025-09-25 20:48:20,021 - MainProcess(30612) - InstallDriver - adsk.dls.streamer.netlib - INFO :: Setup HTTPSHandler
2025-09-25 20:48:20,021 - MainProcess(30612) - InstallDriver - adsk.dls.streamer.netlib - INFO :: Setup AuthHandler
2025-09-25 20:48:20,358 - MainProcess(30612) - ThreadPoolExecutor-1_4 - adsk.dls.streamer.process.process - INFO :: Extract path resolves to: \\?\C:\Users\Lenovo\AppData\Local\Autodesk\webdeploy\production\37a4fdb912fcb7645f48036186017c0cc6730354
2025-09-25 20:48:20,494 - MainProcess(30612) - InstallDriver - adsk.dls.streamer.process.process - INFO :: Pulling package manifest: 8b34031f003e104f0c97d38c7cac650bf86a6177
2025-09-25 20:48:20,494 - MainProcess(30612) - InstallDriver - adsk.dls.streamer.manifests - INFO :: Opening manifest at: https://dl.appstreaming.autodesk.com/production/packages/8b34031f003e104f0c97d38c7cac650bf86a6177.json
2025-09-25 20:48:20,575 - MainProcess(30612) - InstallDriver - adsk.dls.streamer.netlib - INFO :: ProxyServer: 
2025-09-25 20:48:20,575 - MainProcess(30612) - InstallDriver - adsk.dls.streamer.netlib - INFO :: Setup HTTPSHandler
2025-09-25 20:48:20,575 - MainProcess(30612) - InstallDriver - adsk.dls.streamer.netlib - INFO :: Setup AuthHandler
2025-09-25 20:48:20,774 - MainProcess(30612) - ThreadPoolExecutor-1_3 - adsk.dls.streamer.process.process - INFO :: package installation complete
2025-09-25 20:48:20,775 - MainProcess(30612) - ThreadPoolExecutor-1_3 - adsk.dls.streamer.process.process - INFO :: Downloading archive from https://dl.appstreaming.autodesk.com/production/packages/c0914cbe5de85a68a382e1159265662a0a1a0f38.tar.xz for package 35ec4bb13c880e20c648fd7617e90b7af7295b2d
2025-09-25 20:48:20,858 - MainProcess(30612) - ThreadPoolExecutor-1_3 - adsk.dls.streamer.netlib - INFO :: ProxyServer: 
2025-09-25 20:48:20,858 - MainProcess(30612) - ThreadPoolExecutor-1_3 - adsk.dls.streamer.netlib - INFO :: Setup HTTPSHandler
2025-09-25 20:48:20,858 - MainProcess(30612) - ThreadPoolExecutor-1_3 - adsk.dls.streamer.netlib - INFO :: Setup AuthHandler
2025-09-25 20:48:20,860 - MainProcess(30612) - InstallDriver - adsk.dls.streamer.process.process - INFO :: Pulling package manifest: b290592654384ee0f48b48defefcaa9ac6d24f83
2025-09-25 20:48:20,861 - MainProcess(30612) - InstallDriver - adsk.dls.streamer.manifests - INFO :: Opening manifest at: https://dl.appstreaming.autodesk.com/production/packages/b290592654384ee0f48b48defefcaa9ac6d24f83.json
2025-09-25 20:48:20,947 - MainProcess(30612) - InstallDriver - adsk.dls.streamer.netlib - INFO :: ProxyServer: 
2025-09-25 20:48:20,947 - MainProcess(30612) - InstallDriver - adsk.dls.streamer.netlib - INFO :: Setup HTTPSHandler
2025-09-25 20:48:20,949 - MainProcess(30612) - InstallDriver - adsk.dls.streamer.netlib - INFO :: Setup AuthHandler
2025-09-25 20:48:20,988 - MainProcess(30612) - ThreadPoolExecutor-1_1 - adsk.dls.streamer.process.process - INFO :: package installation complete
2025-09-25 20:48:20,991 - MainProcess(30612) - ThreadPoolExecutor-1_1 - adsk.dls.streamer.process.process - INFO :: Downloading archive from https://dl.appstreaming.autodesk.com/production/packages/6fe40aecc8d2315830585ba10a07aa603a159729.tar.xz for package 8b34031f003e104f0c97d38c7cac650bf86a6177
2025-09-25 20:48:21,072 - MainProcess(30612) - ThreadPoolExecutor-1_1 - adsk.dls.streamer.netlib - INFO :: ProxyServer: 
2025-09-25 20:48:21,073 - MainProcess(30612) - ThreadPoolExecutor-1_1 - adsk.dls.streamer.netlib - INFO :: Setup HTTPSHandler
2025-09-25 20:48:21,073 - MainProcess(30612) - ThreadPoolExecutor-1_1 - adsk.dls.streamer.netlib - INFO :: Setup AuthHandler
2025-09-25 20:48:21,123 - MainProcess(30612) - ThreadPoolExecutor-1_3 - adsk.dls.streamer.process.process - INFO :: Extract path resolves to: \\?\C:\Users\Lenovo\AppData\Local\Autodesk\webdeploy\production\37a4fdb912fcb7645f48036186017c0cc6730354
2025-09-25 20:48:21,127 - MainProcess(30612) - InstallDriver - adsk.dls.streamer.process.process - INFO :: Pulling package manifest: d22785bec18797f3763f30f2cd945cc190aaa0d5
2025-09-25 20:48:21,127 - MainProcess(30612) - InstallDriver - adsk.dls.streamer.manifests - INFO :: Opening manifest at: https://dl.appstreaming.autodesk.com/production/packages/d22785bec18797f3763f30f2cd945cc190aaa0d5.json
2025-09-25 20:48:21,217 - MainProcess(30612) - InstallDriver - adsk.dls.streamer.netlib - INFO :: ProxyServer: 
2025-09-25 20:48:21,217 - MainProcess(30612) - InstallDriver - adsk.dls.streamer.netlib - INFO :: Setup HTTPSHandler
2025-09-25 20:48:21,218 - MainProcess(30612) - InstallDriver - adsk.dls.streamer.netlib - INFO :: Setup AuthHandler
2025-09-25 20:48:21,322 - MainProcess(30612) - ThreadPoolExecutor-1_1 - adsk.dls.streamer.process.process - INFO :: Extract path resolves to: \\?\C:\Users\Lenovo\AppData\Local\Autodesk\webdeploy\production\37a4fdb912fcb7645f48036186017c0cc6730354
2025-09-25 20:48:21,445 - MainProcess(30612) - InstallDriver - adsk.dls.streamer.process.process - INFO :: Pulling package manifest: 510579fded0d2f188ec5091b1816d397e08a2b61
2025-09-25 20:48:21,445 - MainProcess(30612) - InstallDriver - adsk.dls.streamer.manifests - INFO :: Opening manifest at: https://dl.appstreaming.autodesk.com/production/packages/510579fded0d2f188ec5091b1816d397e08a2b61.json
2025-09-25 20:48:21,540 - MainProcess(30612) - InstallDriver - adsk.dls.streamer.netlib - INFO :: ProxyServer: 
2025-09-25 20:48:21,540 - MainProcess(30612) - InstallDriver - adsk.dls.streamer.netlib - INFO :: Setup HTTPSHandler
2025-09-25 20:48:21,540 - MainProcess(30612) - InstallDriver - adsk.dls.streamer.netlib - INFO :: Setup AuthHandler
2025-09-25 20:48:21,819 - MainProcess(30612) - InstallDriver - adsk.dls.streamer.process.process - INFO :: Pulling package manifest: 2d7863ce288e8679b2e09a71ec37b55dcf0bbebc
2025-09-25 20:48:21,819 - MainProcess(30612) - InstallDriver - adsk.dls.streamer.manifests - INFO :: Opening manifest at: https://dl.appstreaming.autodesk.com/production/packages/2d7863ce288e8679b2e09a71ec37b55dcf0bbebc.json
2025-09-25 20:48:21,908 - MainProcess(30612) - InstallDriver - adsk.dls.streamer.netlib - INFO :: ProxyServer: 
2025-09-25 20:48:21,908 - MainProcess(30612) - InstallDriver - adsk.dls.streamer.netlib - INFO :: Setup HTTPSHandler
2025-09-25 20:48:21,909 - MainProcess(30612) - InstallDriver - adsk.dls.streamer.netlib - INFO :: Setup AuthHandler
2025-09-25 20:48:21,920 - MainProcess(30612) - ThreadPoolExecutor-1_1 - adsk.dls.streamer.process.process - INFO :: package installation complete
2025-09-25 20:48:21,921 - MainProcess(30612) - ThreadPoolExecutor-1_1 - adsk.dls.streamer.process.process - INFO :: Downloading archive from https://dl.appstreaming.autodesk.com/production/packages/b7bd50e42b557454eeba8c268f7a60056bf07187.tar.xz for package b290592654384ee0f48b48defefcaa9ac6d24f83
2025-09-25 20:48:22,004 - MainProcess(30612) - ThreadPoolExecutor-1_1 - adsk.dls.streamer.netlib - INFO :: ProxyServer: 
2025-09-25 20:48:22,004 - MainProcess(30612) - ThreadPoolExecutor-1_1 - adsk.dls.streamer.netlib - INFO :: Setup HTTPSHandler
2025-09-25 20:48:22,006 - MainProcess(30612) - ThreadPoolExecutor-1_1 - adsk.dls.streamer.netlib - INFO :: Setup AuthHandler
2025-09-25 20:48:22,498 - MainProcess(30612) - InstallDriver - adsk.dls.streamer.process.process - INFO :: Pulling package manifest: d75088fc008858de112024b4e8a2adadf0940020
2025-09-25 20:48:22,498 - MainProcess(30612) - InstallDriver - adsk.dls.streamer.manifests - INFO :: Opening manifest at: https://dl.appstreaming.autodesk.com/production/packages/d75088fc008858de112024b4e8a2adadf0940020.json
2025-09-25 20:48:22,559 - MainProcess(30612) - ThreadPoolExecutor-1_1 - adsk.dls.streamer.process.process - INFO :: Extract path resolves to: \\?\C:\Users\Lenovo\AppData\Local\Autodesk\webdeploy\production\37a4fdb912fcb7645f48036186017c0cc6730354
2025-09-25 20:48:22,581 - MainProcess(30612) - InstallDriver - adsk.dls.streamer.netlib - INFO :: ProxyServer: 
2025-09-25 20:48:22,581 - MainProcess(30612) - InstallDriver - adsk.dls.streamer.netlib - INFO :: Setup HTTPSHandler
2025-09-25 20:48:22,581 - MainProcess(30612) - InstallDriver - adsk.dls.streamer.netlib - INFO :: Setup AuthHandler
2025-09-25 20:48:23,223 - MainProcess(30612) - InstallDriver - adsk.dls.streamer.process.process - INFO :: Pulling package manifest: 647e89fe5f2ef2a475f58f6bb66e7cdfb5eba4b6
2025-09-25 20:48:23,223 - MainProcess(30612) - InstallDriver - adsk.dls.streamer.manifests - INFO :: Opening manifest at: https://dl.appstreaming.autodesk.com/production/packages/647e89fe5f2ef2a475f58f6bb66e7cdfb5eba4b6.json
2025-09-25 20:48:23,313 - MainProcess(30612) - InstallDriver - adsk.dls.streamer.netlib - INFO :: ProxyServer: 
2025-09-25 20:48:23,313 - MainProcess(30612) - InstallDriver - adsk.dls.streamer.netlib - INFO :: Setup HTTPSHandler
2025-09-25 20:48:23,313 - MainProcess(30612) - InstallDriver - adsk.dls.streamer.netlib - INFO :: Setup AuthHandler
2025-09-25 20:48:23,767 - MainProcess(30612) - InstallDriver - adsk.dls.streamer.process.process - INFO :: Pulling package manifest: ea41299320c161df6cd41fb42a33841bd7488778
2025-09-25 20:48:23,767 - MainProcess(30612) - InstallDriver - adsk.dls.streamer.manifests - INFO :: Opening manifest at: https://dl.appstreaming.autodesk.com/production/packages/ea41299320c161df6cd41fb42a33841bd7488778.json
2025-09-25 20:48:23,849 - MainProcess(30612) - InstallDriver - adsk.dls.streamer.netlib - INFO :: ProxyServer: 
2025-09-25 20:48:23,849 - MainProcess(30612) - InstallDriver - adsk.dls.streamer.netlib - INFO :: Setup HTTPSHandler
2025-09-25 20:48:23,849 - MainProcess(30612) - InstallDriver - adsk.dls.streamer.netlib - INFO :: Setup AuthHandler
2025-09-25 20:48:24,385 - MainProcess(30612) - InstallDriver - adsk.dls.streamer.process.process - INFO :: Pulling package manifest: 51ac63a35e90febb5d1039f9bdf03bda6cac1a5d
2025-09-25 20:48:24,387 - MainProcess(30612) - InstallDriver - adsk.dls.streamer.manifests - INFO :: Opening manifest at: https://dl.appstreaming.autodesk.com/production/packages/51ac63a35e90febb5d1039f9bdf03bda6cac1a5d.json
2025-09-25 20:48:24,471 - MainProcess(30612) - InstallDriver - adsk.dls.streamer.netlib - INFO :: ProxyServer: 
2025-09-25 20:48:24,472 - MainProcess(30612) - InstallDriver - adsk.dls.streamer.netlib - INFO :: Setup HTTPSHandler
2025-09-25 20:48:24,472 - MainProcess(30612) - InstallDriver - adsk.dls.streamer.netlib - INFO :: Setup AuthHandler
2025-09-25 20:48:24,709 - MainProcess(30612) - InstallDriver - adsk.dls.streamer.process.process - INFO :: Pulling package manifest: 2859dbd080e8ab4a70b397015419f3f186a11a39
2025-09-25 20:48:24,709 - MainProcess(30612) - InstallDriver - adsk.dls.streamer.manifests - INFO :: Opening manifest at: https://dl.appstreaming.autodesk.com/production/packages/2859dbd080e8ab4a70b397015419f3f186a11a39.json
2025-09-25 20:48:24,795 - MainProcess(30612) - InstallDriver - adsk.dls.streamer.netlib - INFO :: ProxyServer: 
2025-09-25 20:48:24,796 - MainProcess(30612) - InstallDriver - adsk.dls.streamer.netlib - INFO :: Setup HTTPSHandler
2025-09-25 20:48:24,796 - MainProcess(30612) - InstallDriver - adsk.dls.streamer.netlib - INFO :: Setup AuthHandler
2025-09-25 20:48:25,058 - MainProcess(30612) - ThreadPoolExecutor-1_4 - adsk.dls.streamer.process.process - INFO :: package installation complete
2025-09-25 20:48:25,063 - MainProcess(30612) - ThreadPoolExecutor-1_4 - adsk.dls.streamer.process.process - INFO :: Downloading archive from https://dl.appstreaming.autodesk.com/production/packages/eb451fd8d9659702f96b020626f3fadcf2fbbd98.tar.xz for package d22785bec18797f3763f30f2cd945cc190aaa0d5
2025-09-25 20:48:25,132 - MainProcess(30612) - InstallDriver - adsk.dls.streamer.process.process - INFO :: Pulling package manifest: ebf902ad90d0a79736f95889c2e7b2759b6fdfc5
2025-09-25 20:48:25,132 - MainProcess(30612) - InstallDriver - adsk.dls.streamer.manifests - INFO :: Opening manifest at: https://dl.appstreaming.autodesk.com/production/packages/ebf902ad90d0a79736f95889c2e7b2759b6fdfc5.json
2025-09-25 20:48:25,179 - MainProcess(30612) - ThreadPoolExecutor-1_4 - adsk.dls.streamer.netlib - INFO :: ProxyServer: 
2025-09-25 20:48:25,202 - MainProcess(30612) - ThreadPoolExecutor-1_4 - adsk.dls.streamer.netlib - INFO :: Setup HTTPSHandler
2025-09-25 20:48:25,202 - MainProcess(30612) - ThreadPoolExecutor-1_4 - adsk.dls.streamer.netlib - INFO :: Setup AuthHandler
2025-09-25 20:48:25,225 - MainProcess(30612) - InstallDriver - adsk.dls.streamer.netlib - INFO :: ProxyServer: 
2025-09-25 20:48:25,227 - MainProcess(30612) - InstallDriver - adsk.dls.streamer.netlib - INFO :: Setup HTTPSHandler
2025-09-25 20:48:25,227 - MainProcess(30612) - InstallDriver - adsk.dls.streamer.netlib - INFO :: Setup AuthHandler
2025-09-25 20:48:25,402 - MainProcess(30612) - InstallDriver - adsk.dls.streamer.process.process - INFO :: Pulling package manifest: ed0dfc9c7de9db4752a1c40e98261273c7fb1e3e
2025-09-25 20:48:25,403 - MainProcess(30612) - InstallDriver - adsk.dls.streamer.manifests - INFO :: Opening manifest at: https://dl.appstreaming.autodesk.com/production/packages/ed0dfc9c7de9db4752a1c40e98261273c7fb1e3e.json
2025-09-25 20:48:25,464 - MainProcess(30612) - ThreadPoolExecutor-1_4 - adsk.dls.streamer.process.process - INFO :: Extract path resolves to: \\?\C:\Users\Lenovo\AppData\Local\Autodesk\webdeploy\production\37a4fdb912fcb7645f48036186017c0cc6730354
2025-09-25 20:48:25,488 - MainProcess(30612) - InstallDriver - adsk.dls.streamer.netlib - INFO :: ProxyServer: 
2025-09-25 20:48:25,489 - MainProcess(30612) - InstallDriver - adsk.dls.streamer.netlib - INFO :: Setup HTTPSHandler
2025-09-25 20:48:25,489 - MainProcess(30612) - InstallDriver - adsk.dls.streamer.netlib - INFO :: Setup AuthHandler
2025-09-25 20:48:25,585 - MainProcess(30612) - ThreadPoolExecutor-1_3 - adsk.dls.streamer.process.process - INFO :: package installation complete
2025-09-25 20:48:25,587 - MainProcess(30612) - ThreadPoolExecutor-1_3 - adsk.dls.streamer.process.process - INFO :: Downloading archive from https://dl.appstreaming.autodesk.com/production/packages/c96de2f3dfb3c278d64ded549cdd7f9fa6a5a097.tar.xz for package 510579fded0d2f188ec5091b1816d397e08a2b61
2025-09-25 20:48:25,666 - MainProcess(30612) - ThreadPoolExecutor-1_3 - adsk.dls.streamer.netlib - INFO :: ProxyServer: 
2025-09-25 20:48:25,666 - MainProcess(30612) - ThreadPoolExecutor-1_3 - adsk.dls.streamer.netlib - INFO :: Setup HTTPSHandler
2025-09-25 20:48:25,666 - MainProcess(30612) - ThreadPoolExecutor-1_3 - adsk.dls.streamer.netlib - INFO :: Setup AuthHandler
2025-09-25 20:48:25,803 - MainProcess(30612) - InstallDriver - adsk.dls.streamer.process.process - INFO :: Pulling package manifest: 116de9bf876f7a4f2072625ffc7d930e908d5db2
2025-09-25 20:48:25,803 - MainProcess(30612) - InstallDriver - adsk.dls.streamer.manifests - INFO :: Opening manifest at: https://dl.appstreaming.autodesk.com/production/packages/116de9bf876f7a4f2072625ffc7d930e908d5db2.json
2025-09-25 20:48:25,884 - MainProcess(30612) - InstallDriver - adsk.dls.streamer.netlib - INFO :: ProxyServer: 
2025-09-25 20:48:25,885 - MainProcess(30612) - InstallDriver - adsk.dls.streamer.netlib - INFO :: Setup HTTPSHandler
2025-09-25 20:48:25,885 - MainProcess(30612) - InstallDriver - adsk.dls.streamer.netlib - INFO :: Setup AuthHandler
2025-09-25 20:48:26,001 - MainProcess(30612) - ThreadPoolExecutor-1_3 - adsk.dls.streamer.process.process - INFO :: Extract path resolves to: \\?\C:\Users\Lenovo\AppData\Local\Autodesk\webdeploy\production\37a4fdb912fcb7645f48036186017c0cc6730354
2025-09-25 20:48:26,068 - MainProcess(30612) - InstallDriver - adsk.dls.streamer.process.process - INFO :: Pulling package manifest: 51d84027c8d29eb1c1157a98680a9ba345221acd
2025-09-25 20:48:26,068 - MainProcess(30612) - InstallDriver - adsk.dls.streamer.manifests - INFO :: Opening manifest at: https://dl.appstreaming.autodesk.com/production/packages/51d84027c8d29eb1c1157a98680a9ba345221acd.json
2025-09-25 20:48:26,153 - MainProcess(30612) - InstallDriver - adsk.dls.streamer.netlib - INFO :: ProxyServer: 
2025-09-25 20:48:26,153 - MainProcess(30612) - InstallDriver - adsk.dls.streamer.netlib - INFO :: Setup HTTPSHandler
2025-09-25 20:48:26,153 - MainProcess(30612) - InstallDriver - adsk.dls.streamer.netlib - INFO :: Setup AuthHandler
2025-09-25 20:48:26,240 - MainProcess(30612) - ThreadPoolExecutor-1_3 - adsk.dls.streamer.process.process - INFO :: package installation complete
2025-09-25 20:48:26,241 - MainProcess(30612) - ThreadPoolExecutor-1_3 - adsk.dls.streamer.process.process - INFO :: Downloading archive from https://dl.appstreaming.autodesk.com/production/packages/c85216111a9cd5c0c092545569573b8a54389266.tar.xz for package 2d7863ce288e8679b2e09a71ec37b55dcf0bbebc
2025-09-25 20:48:26,325 - MainProcess(30612) - ThreadPoolExecutor-1_3 - adsk.dls.streamer.netlib - INFO :: ProxyServer: 
2025-09-25 20:48:26,326 - MainProcess(30612) - ThreadPoolExecutor-1_3 - adsk.dls.streamer.netlib - INFO :: Setup HTTPSHandler
2025-09-25 20:48:26,326 - MainProcess(30612) - ThreadPoolExecutor-1_3 - adsk.dls.streamer.netlib - INFO :: Setup AuthHandler
2025-09-25 20:48:26,397 - MainProcess(30612) - InstallDriver - adsk.dls.streamer.process.process - INFO :: Pulling package manifest: fcad56f75887841cd31819248317e7a83aeffb5b
2025-09-25 20:48:26,397 - MainProcess(30612) - InstallDriver - adsk.dls.streamer.manifests - INFO :: Opening manifest at: https://dl.appstreaming.autodesk.com/production/packages/fcad56f75887841cd31819248317e7a83aeffb5b.json
2025-09-25 20:48:26,480 - MainProcess(30612) - InstallDriver - adsk.dls.streamer.netlib - INFO :: ProxyServer: 
2025-09-25 20:48:26,481 - MainProcess(30612) - InstallDriver - adsk.dls.streamer.netlib - INFO :: Setup HTTPSHandler
2025-09-25 20:48:26,484 - MainProcess(30612) - InstallDriver - adsk.dls.streamer.netlib - INFO :: Setup AuthHandler
2025-09-25 20:48:26,658 - MainProcess(30612) - ThreadPoolExecutor-1_3 - adsk.dls.streamer.process.process - INFO :: Extract path resolves to: \\?\C:\Users\Lenovo\AppData\Local\Autodesk\webdeploy\production\37a4fdb912fcb7645f48036186017c0cc6730354
2025-09-25 20:48:26,891 - MainProcess(30612) - InstallDriver - adsk.dls.streamer.process.process - INFO :: Pulling package manifest: a15ff22345291b20986a94ec3db3626dbf476172
2025-09-25 20:48:26,891 - MainProcess(30612) - InstallDriver - adsk.dls.streamer.manifests - INFO :: Opening manifest at: https://dl.appstreaming.autodesk.com/production/packages/a15ff22345291b20986a94ec3db3626dbf476172.json
2025-09-25 20:48:26,981 - MainProcess(30612) - InstallDriver - adsk.dls.streamer.netlib - INFO :: ProxyServer: 
2025-09-25 20:48:26,981 - MainProcess(30612) - InstallDriver - adsk.dls.streamer.netlib - INFO :: Setup HTTPSHandler
2025-09-25 20:48:26,981 - MainProcess(30612) - InstallDriver - adsk.dls.streamer.netlib - INFO :: Setup AuthHandler
2025-09-25 20:48:27,491 - MainProcess(30612) - InstallDriver - adsk.dls.streamer.process.process - INFO :: Pulling package manifest: cb316ce71452bba5c9c532718c24d5cbfae1d4ee
2025-09-25 20:48:27,491 - MainProcess(30612) - InstallDriver - adsk.dls.streamer.manifests - INFO :: Opening manifest at: https://dl.appstreaming.autodesk.com/production/packages/cb316ce71452bba5c9c532718c24d5cbfae1d4ee.json
2025-09-25 20:48:27,604 - MainProcess(30612) - InstallDriver - adsk.dls.streamer.netlib - INFO :: ProxyServer: 
2025-09-25 20:48:27,604 - MainProcess(30612) - InstallDriver - adsk.dls.streamer.netlib - INFO :: Setup HTTPSHandler
2025-09-25 20:48:27,604 - MainProcess(30612) - InstallDriver - adsk.dls.streamer.netlib - INFO :: Setup AuthHandler
2025-09-25 20:48:27,994 - MainProcess(30612) - InstallDriver - adsk.dls.streamer.process.process - INFO :: Pulling package manifest: 90f084e5118310aebf0ce1b1f255004168df30d3
2025-09-25 20:48:27,994 - MainProcess(30612) - InstallDriver - adsk.dls.streamer.manifests - INFO :: Opening manifest at: https://dl.appstreaming.autodesk.com/production/packages/90f084e5118310aebf0ce1b1f255004168df30d3.json
2025-09-25 20:48:28,080 - MainProcess(30612) - InstallDriver - adsk.dls.streamer.netlib - INFO :: ProxyServer: 
2025-09-25 20:48:28,081 - MainProcess(30612) - InstallDriver - adsk.dls.streamer.netlib - INFO :: Setup HTTPSHandler
2025-09-25 20:48:28,081 - MainProcess(30612) - InstallDriver - adsk.dls.streamer.netlib - INFO :: Setup AuthHandler
2025-09-25 20:48:28,277 - MainProcess(30612) - ThreadPoolExecutor-1_3 - adsk.dls.streamer.process.process - INFO :: package installation complete
2025-09-25 20:48:28,279 - MainProcess(30612) - ThreadPoolExecutor-1_3 - adsk.dls.streamer.process.process - INFO :: Downloading archive from https://dl.appstreaming.autodesk.com/production/packages/e4e83885c0aa8e251d27cab65109c36903b83d50.tar.xz for package d75088fc008858de112024b4e8a2adadf0940020
2025-09-25 20:48:28,365 - MainProcess(30612) - ThreadPoolExecutor-1_3 - adsk.dls.streamer.netlib - INFO :: ProxyServer: 
2025-09-25 20:48:28,366 - MainProcess(30612) - ThreadPoolExecutor-1_3 - adsk.dls.streamer.netlib - INFO :: Setup HTTPSHandler
2025-09-25 20:48:28,366 - MainProcess(30612) - ThreadPoolExecutor-1_3 - adsk.dls.streamer.netlib - INFO :: Setup AuthHandler
2025-09-25 20:48:28,369 - MainProcess(30612) - ThreadPoolExecutor-1_4 - adsk.dls.streamer.process.process - INFO :: package installation complete
2025-09-25 20:48:28,371 - MainProcess(30612) - ThreadPoolExecutor-1_4 - adsk.dls.streamer.process.process - INFO :: Downloading archive from https://dl.appstreaming.autodesk.com/production/packages/2db670475fb8e130559a091296807feb98e95e85.tar.xz for package 647e89fe5f2ef2a475f58f6bb66e7cdfb5eba4b6
2025-09-25 20:48:28,460 - MainProcess(30612) - ThreadPoolExecutor-1_4 - adsk.dls.streamer.netlib - INFO :: ProxyServer: 
2025-09-25 20:48:28,460 - MainProcess(30612) - ThreadPoolExecutor-1_4 - adsk.dls.streamer.netlib - INFO :: Setup HTTPSHandler
2025-09-25 20:48:28,460 - MainProcess(30612) - ThreadPoolExecutor-1_4 - adsk.dls.streamer.netlib - INFO :: Setup AuthHandler
2025-09-25 20:48:28,517 - MainProcess(30612) - InstallDriver - adsk.dls.streamer.process.process - INFO :: Pulling package manifest: a748922e0be928761decc29994df08a5f409843d
2025-09-25 20:48:28,517 - MainProcess(30612) - InstallDriver - adsk.dls.streamer.manifests - INFO :: Opening manifest at: https://dl.appstreaming.autodesk.com/production/packages/a748922e0be928761decc29994df08a5f409843d.json
2025-09-25 20:48:28,600 - MainProcess(30612) - InstallDriver - adsk.dls.streamer.netlib - INFO :: ProxyServer: 
2025-09-25 20:48:28,600 - MainProcess(30612) - InstallDriver - adsk.dls.streamer.netlib - INFO :: Setup HTTPSHandler
2025-09-25 20:48:28,600 - MainProcess(30612) - InstallDriver - adsk.dls.streamer.netlib - INFO :: Setup AuthHandler
2025-09-25 20:48:28,665 - MainProcess(30612) - ThreadPoolExecutor-1_3 - adsk.dls.streamer.process.process - INFO :: Extract path resolves to: \\?\C:\Users\Lenovo\AppData\Local\Autodesk\webdeploy\production\37a4fdb912fcb7645f48036186017c0cc6730354
2025-09-25 20:48:28,800 - MainProcess(30612) - ThreadPoolExecutor-1_4 - adsk.dls.streamer.process.process - INFO :: Extract path resolves to: \\?\C:\Users\Lenovo\AppData\Local\Autodesk\webdeploy\production\37a4fdb912fcb7645f48036186017c0cc6730354
2025-09-25 20:48:29,076 - MainProcess(30612) - InstallDriver - adsk.dls.streamer.process.process - INFO :: Pulling package manifest: be442128e0e54826d920758837a02e85de1b9e14
2025-09-25 20:48:29,077 - MainProcess(30612) - InstallDriver - adsk.dls.streamer.manifests - INFO :: Opening manifest at: https://dl.appstreaming.autodesk.com/production/packages/be442128e0e54826d920758837a02e85de1b9e14.json
2025-09-25 20:48:29,170 - MainProcess(30612) - InstallDriver - adsk.dls.streamer.netlib - INFO :: ProxyServer: 
2025-09-25 20:48:29,171 - MainProcess(30612) - InstallDriver - adsk.dls.streamer.netlib - INFO :: Setup HTTPSHandler
2025-09-25 20:48:29,171 - MainProcess(30612) - InstallDriver - adsk.dls.streamer.netlib - INFO :: Setup AuthHandler
2025-09-25 20:48:29,336 - MainProcess(30612) - ThreadPoolExecutor-1_1 - adsk.dls.streamer.process.process - INFO :: package installation complete
2025-09-25 20:48:29,339 - MainProcess(30612) - ThreadPoolExecutor-1_1 - adsk.dls.streamer.process.process - INFO :: Downloading archive from https://dl.appstreaming.autodesk.com/production/packages/fb3bbaa323ad23f25c307537eca451dec5466772.tar.xz for package ea41299320c161df6cd41fb42a33841bd7488778
2025-09-25 20:48:29,440 - MainProcess(30612) - ThreadPoolExecutor-1_1 - adsk.dls.streamer.netlib - INFO :: ProxyServer: 
2025-09-25 20:48:29,440 - MainProcess(30612) - ThreadPoolExecutor-1_1 - adsk.dls.streamer.netlib - INFO :: Setup HTTPSHandler
2025-09-25 20:48:29,441 - MainProcess(30612) - ThreadPoolExecutor-1_1 - adsk.dls.streamer.netlib - INFO :: Setup AuthHandler
2025-09-25 20:48:29,456 - MainProcess(30612) - ThreadPoolExecutor-1_3 - adsk.dls.streamer.process.process - INFO :: package installation complete
2025-09-25 20:48:29,456 - MainProcess(30612) - ThreadPoolExecutor-1_3 - adsk.dls.streamer.process.process - INFO :: Downloading archive from https://dl.appstreaming.autodesk.com/production/packages/9fb1b809bc6c20b7feb82cd939063ac0281f47f4.tar.xz for package 51ac63a35e90febb5d1039f9bdf03bda6cac1a5d
2025-09-25 20:48:29,517 - MainProcess(30612) - InstallDriver - adsk.dls.streamer.process.process - INFO :: Pulling package manifest: 8a8c82d18e7ef16a868f89c7dcd1c58e7ea22214
2025-09-25 20:48:29,518 - MainProcess(30612) - InstallDriver - adsk.dls.streamer.manifests - INFO :: Opening manifest at: https://dl.appstreaming.autodesk.com/production/packages/8a8c82d18e7ef16a868f89c7dcd1c58e7ea22214.json
2025-09-25 20:48:29,560 - MainProcess(30612) - ThreadPoolExecutor-1_3 - adsk.dls.streamer.netlib - INFO :: ProxyServer: 
2025-09-25 20:48:29,578 - MainProcess(30612) - ThreadPoolExecutor-1_3 - adsk.dls.streamer.netlib - INFO :: Setup HTTPSHandler
2025-09-25 20:48:29,583 - MainProcess(30612) - ThreadPoolExecutor-1_3 - adsk.dls.streamer.netlib - INFO :: Setup AuthHandler
2025-09-25 20:48:29,599 - MainProcess(30612) - InstallDriver - adsk.dls.streamer.netlib - INFO :: ProxyServer: 
2025-09-25 20:48:29,600 - MainProcess(30612) - InstallDriver - adsk.dls.streamer.netlib - INFO :: Setup HTTPSHandler
2025-09-25 20:48:29,600 - MainProcess(30612) - InstallDriver - adsk.dls.streamer.netlib - INFO :: Setup AuthHandler
2025-09-25 20:48:29,719 - MainProcess(30612) - ThreadPoolExecutor-1_1 - adsk.dls.streamer.process.process - INFO :: Extract path resolves to: \\?\C:\Users\Lenovo\AppData\Local\Autodesk\webdeploy\production\37a4fdb912fcb7645f48036186017c0cc6730354
2025-09-25 20:48:29,784 - MainProcess(30612) - InstallDriver - adsk.dls.streamer.process.process - INFO :: Pulling package manifest: 3d92e693836c175ea4ac9b266430b36fe94828da
2025-09-25 20:48:29,784 - MainProcess(30612) - InstallDriver - adsk.dls.streamer.manifests - INFO :: Opening manifest at: https://dl.appstreaming.autodesk.com/production/packages/3d92e693836c175ea4ac9b266430b36fe94828da.json
2025-09-25 20:48:29,874 - MainProcess(30612) - ThreadPoolExecutor-1_3 - adsk.dls.streamer.process.process - INFO :: Extract path resolves to: \\?\C:\Users\Lenovo\AppData\Local\Autodesk\webdeploy\production\37a4fdb912fcb7645f48036186017c0cc6730354
2025-09-25 20:48:29,889 - MainProcess(30612) - InstallDriver - adsk.dls.streamer.netlib - INFO :: ProxyServer: 
2025-09-25 20:48:29,891 - MainProcess(30612) - InstallDriver - adsk.dls.streamer.netlib - INFO :: Setup HTTPSHandler
2025-09-25 20:48:29,892 - MainProcess(30612) - InstallDriver - adsk.dls.streamer.netlib - INFO :: Setup AuthHandler
2025-09-25 20:48:30,084 - MainProcess(30612) - ThreadPoolExecutor-1_1 - adsk.dls.streamer.process.process - INFO :: package installation complete
2025-09-25 20:48:30,085 - MainProcess(30612) - ThreadPoolExecutor-1_1 - adsk.dls.streamer.process.process - INFO :: Downloading archive from https://dl.appstreaming.autodesk.com/production/packages/8086502c6f3ec5ab9e825e788983ace5e101c30c.tar.xz for package 2859dbd080e8ab4a70b397015419f3f186a11a39
2025-09-25 20:48:30,132 - MainProcess(30612) - InstallDriver - adsk.dls.streamer.process.process - INFO :: Pulling package manifest: 3db95db630f475cc8524022533c7ed36ba965b57
2025-09-25 20:48:30,149 - MainProcess(30612) - InstallDriver - adsk.dls.streamer.manifests - INFO :: Opening manifest at: https://dl.appstreaming.autodesk.com/production/packages/3db95db630f475cc8524022533c7ed36ba965b57.json
2025-09-25 20:48:30,194 - MainProcess(30612) - ThreadPoolExecutor-1_1 - adsk.dls.streamer.netlib - INFO :: ProxyServer: 
2025-09-25 20:48:30,209 - MainProcess(30612) - ThreadPoolExecutor-1_1 - adsk.dls.streamer.netlib - INFO :: Setup HTTPSHandler
2025-09-25 20:48:30,209 - MainProcess(30612) - ThreadPoolExecutor-1_1 - adsk.dls.streamer.netlib - INFO :: Setup AuthHandler
2025-09-25 20:48:30,233 - MainProcess(30612) - InstallDriver - adsk.dls.streamer.netlib - INFO :: ProxyServer: 
2025-09-25 20:48:30,233 - MainProcess(30612) - InstallDriver - adsk.dls.streamer.netlib - INFO :: Setup HTTPSHandler
2025-09-25 20:48:30,233 - MainProcess(30612) - InstallDriver - adsk.dls.streamer.netlib - INFO :: Setup AuthHandler
2025-09-25 20:48:30,464 - MainProcess(30612) - ThreadPoolExecutor-1_1 - adsk.dls.streamer.process.process - INFO :: Extract path resolves to: \\?\C:\Users\Lenovo\AppData\Local\Autodesk\webdeploy\production\37a4fdb912fcb7645f48036186017c0cc6730354
2025-09-25 20:48:30,483 - MainProcess(30612) - InstallDriver - adsk.dls.streamer.process.process - INFO :: Pulling package manifest: 3b40af466ca1f60807d87a14fc81e44c597132e4
2025-09-25 20:48:30,483 - MainProcess(30612) - InstallDriver - adsk.dls.streamer.manifests - INFO :: Opening manifest at: https://dl.appstreaming.autodesk.com/production/packages/3b40af466ca1f60807d87a14fc81e44c597132e4.json
2025-09-25 20:48:30,572 - MainProcess(30612) - InstallDriver - adsk.dls.streamer.netlib - INFO :: ProxyServer: 
2025-09-25 20:48:30,572 - MainProcess(30612) - InstallDriver - adsk.dls.streamer.netlib - INFO :: Setup HTTPSHandler
2025-09-25 20:48:30,572 - MainProcess(30612) - InstallDriver - adsk.dls.streamer.netlib - INFO :: Setup AuthHandler
2025-09-25 20:48:30,899 - MainProcess(30612) - InstallDriver - adsk.dls.streamer.process.process - INFO :: Pulling package manifest: 8721252418036f7ab7952c426ee3b44bb3158921
2025-09-25 20:48:30,899 - MainProcess(30612) - InstallDriver - adsk.dls.streamer.manifests - INFO :: Opening manifest at: https://dl.appstreaming.autodesk.com/production/packages/8721252418036f7ab7952c426ee3b44bb3158921.json
2025-09-25 20:48:30,993 - MainProcess(30612) - InstallDriver - adsk.dls.streamer.netlib - INFO :: ProxyServer: 
2025-09-25 20:48:30,993 - MainProcess(30612) - InstallDriver - adsk.dls.streamer.netlib - INFO :: Setup HTTPSHandler
2025-09-25 20:48:30,993 - MainProcess(30612) - InstallDriver - adsk.dls.streamer.netlib - INFO :: Setup AuthHandler
2025-09-25 20:48:31,155 - MainProcess(30612) - ThreadPoolExecutor-1_1 - adsk.dls.streamer.process.process - INFO :: package installation complete
2025-09-25 20:48:31,156 - MainProcess(30612) - ThreadPoolExecutor-1_1 - adsk.dls.streamer.process.process - INFO :: Downloading archive from https://dl.appstreaming.autodesk.com/production/packages/db6b11212456b3ded0d85e57f0c62f75543a5d65.tar.xz for package ebf902ad90d0a79736f95889c2e7b2759b6fdfc5
2025-09-25 20:48:31,241 - MainProcess(30612) - ThreadPoolExecutor-1_4 - adsk.dls.streamer.process.process - INFO :: package installation complete
2025-09-25 20:48:31,242 - MainProcess(30612) - ThreadPoolExecutor-1_4 - adsk.dls.streamer.process.process - INFO :: Downloading archive from https://dl.appstreaming.autodesk.com/production/packages/bacecc0f87f82574c9984ff7f9cd53b9a7346ccd.tar.xz for package ed0dfc9c7de9db4752a1c40e98261273c7fb1e3e
2025-09-25 20:48:31,313 - MainProcess(30612) - ThreadPoolExecutor-1_1 - adsk.dls.streamer.netlib - INFO :: ProxyServer: 
2025-09-25 20:48:31,313 - MainProcess(30612) - ThreadPoolExecutor-1_1 - adsk.dls.streamer.netlib - INFO :: Setup HTTPSHandler
2025-09-25 20:48:31,313 - MainProcess(30612) - ThreadPoolExecutor-1_1 - adsk.dls.streamer.netlib - INFO :: Setup AuthHandler
2025-09-25 20:48:31,336 - MainProcess(30612) - ThreadPoolExecutor-1_4 - adsk.dls.streamer.netlib - INFO :: ProxyServer: 
2025-09-25 20:48:31,336 - MainProcess(30612) - ThreadPoolExecutor-1_4 - adsk.dls.streamer.netlib - INFO :: Setup HTTPSHandler
2025-09-25 20:48:31,336 - MainProcess(30612) - ThreadPoolExecutor-1_4 - adsk.dls.streamer.netlib - INFO :: Setup AuthHandler
2025-09-25 20:48:31,393 - MainProcess(30612) - InstallDriver - adsk.dls.streamer.process.process - INFO :: Pulling package manifest: 0894f13ed207450a7a7c80e41001f2734a2bdb1d
2025-09-25 20:48:31,393 - MainProcess(30612) - InstallDriver - adsk.dls.streamer.manifests - INFO :: Opening manifest at: https://dl.appstreaming.autodesk.com/production/packages/0894f13ed207450a7a7c80e41001f2734a2bdb1d.json
2025-09-25 20:48:31,481 - MainProcess(30612) - InstallDriver - adsk.dls.streamer.netlib - INFO :: ProxyServer: 
2025-09-25 20:48:31,481 - MainProcess(30612) - InstallDriver - adsk.dls.streamer.netlib - INFO :: Setup HTTPSHandler
2025-09-25 20:48:31,481 - MainProcess(30612) - InstallDriver - adsk.dls.streamer.netlib - INFO :: Setup AuthHandler
2025-09-25 20:48:31,565 - MainProcess(30612) - ThreadPoolExecutor-1_1 - adsk.dls.streamer.process.process - INFO :: Extract path resolves to: \\?\C:\Users\Lenovo\AppData\Local\Autodesk\webdeploy\production\37a4fdb912fcb7645f48036186017c0cc6730354
2025-09-25 20:48:31,609 - MainProcess(30612) - ThreadPoolExecutor-1_4 - adsk.dls.streamer.process.process - INFO :: Extract path resolves to: \\?\C:\Users\Lenovo\AppData\Local\Autodesk\webdeploy\production\37a4fdb912fcb7645f48036186017c0cc6730354
2025-09-25 20:48:31,748 - MainProcess(30612) - ThreadPoolExecutor-1_1 - adsk.dls.streamer.process.process - INFO :: package installation complete
2025-09-25 20:48:31,749 - MainProcess(30612) - ThreadPoolExecutor-1_1 - adsk.dls.streamer.process.process - INFO :: Downloading archive from https://dl.appstreaming.autodesk.com/production/packages/4a27cf23a02daa99ff59deb05f975b25162e3173.tar.xz for package 116de9bf876f7a4f2072625ffc7d930e908d5db2
2025-09-25 20:48:31,802 - MainProcess(30612) - InstallDriver - adsk.dls.streamer.process.process - INFO :: Pulling package manifest: e0922610c9a0e2089a3ebac48e00a7bf1cc5a168
2025-09-25 20:48:31,802 - MainProcess(30612) - InstallDriver - adsk.dls.streamer.manifests - INFO :: Opening manifest at: https://dl.appstreaming.autodesk.com/production/packages/e0922610c9a0e2089a3ebac48e00a7bf1cc5a168.json
2025-09-25 20:48:31,898 - MainProcess(30612) - ThreadPoolExecutor-1_1 - adsk.dls.streamer.netlib - INFO :: ProxyServer: 
2025-09-25 20:48:31,898 - MainProcess(30612) - ThreadPoolExecutor-1_1 - adsk.dls.streamer.netlib - INFO :: Setup HTTPSHandler
2025-09-25 20:48:31,899 - MainProcess(30612) - ThreadPoolExecutor-1_1 - adsk.dls.streamer.netlib - INFO :: Setup AuthHandler
2025-09-25 20:48:31,921 - MainProcess(30612) - InstallDriver - adsk.dls.streamer.netlib - INFO :: ProxyServer: 
2025-09-25 20:48:31,921 - MainProcess(30612) - InstallDriver - adsk.dls.streamer.netlib - INFO :: Setup HTTPSHandler
2025-09-25 20:48:31,921 - MainProcess(30612) - InstallDriver - adsk.dls.streamer.netlib - INFO :: Setup AuthHandler
2025-09-25 20:48:32,640 - MainProcess(30612) - InstallDriver - adsk.dls.streamer.process.process - INFO :: Pulling package manifest: 6460bc869ffc082afd030d910af9258e418d0e8a
2025-09-25 20:48:32,640 - MainProcess(30612) - InstallDriver - adsk.dls.streamer.manifests - INFO :: Opening manifest at: https://dl.appstreaming.autodesk.com/production/packages/6460bc869ffc082afd030d910af9258e418d0e8a.json
2025-09-25 20:48:32,697 - MainProcess(30612) - ThreadPoolExecutor-1_1 - adsk.dls.streamer.process.process - INFO :: Extract path resolves to: \\?\C:\Users\Lenovo\AppData\Local\Autodesk\webdeploy\production\37a4fdb912fcb7645f48036186017c0cc6730354
2025-09-25 20:48:32,719 - MainProcess(30612) - InstallDriver - adsk.dls.streamer.netlib - INFO :: ProxyServer: 
2025-09-25 20:48:32,720 - MainProcess(30612) - InstallDriver - adsk.dls.streamer.netlib - INFO :: Setup HTTPSHandler
2025-09-25 20:48:32,720 - MainProcess(30612) - InstallDriver - adsk.dls.streamer.netlib - INFO :: Setup AuthHandler
2025-09-25 20:48:32,854 - MainProcess(30612) - ThreadPoolExecutor-1_4 - adsk.dls.streamer.process.process - INFO :: package installation complete
2025-09-25 20:48:32,855 - MainProcess(30612) - ThreadPoolExecutor-1_4 - adsk.dls.streamer.process.process - INFO :: Downloading archive from https://dl.appstreaming.autodesk.com/production/packages/d881248c5078fba32c4b03e0ef06603163661d68.tar.xz for package 51d84027c8d29eb1c1157a98680a9ba345221acd
2025-09-25 20:48:32,946 - MainProcess(30612) - ThreadPoolExecutor-1_4 - adsk.dls.streamer.netlib - INFO :: ProxyServer: 
2025-09-25 20:48:32,946 - MainProcess(30612) - ThreadPoolExecutor-1_4 - adsk.dls.streamer.netlib - INFO :: Setup HTTPSHandler
2025-09-25 20:48:32,947 - MainProcess(30612) - ThreadPoolExecutor-1_4 - adsk.dls.streamer.netlib - INFO :: Setup AuthHandler
2025-09-25 20:48:32,988 - MainProcess(30612) - InstallDriver - adsk.dls.streamer.process.process - INFO :: Pulling package manifest: f8965090d24a205331fb58c02af8f929bbe5e4c7
2025-09-25 20:48:32,989 - MainProcess(30612) - InstallDriver - adsk.dls.streamer.manifests - INFO :: Opening manifest at: https://dl.appstreaming.autodesk.com/production/packages/f8965090d24a205331fb58c02af8f929bbe5e4c7.json
2025-09-25 20:48:33,088 - MainProcess(30612) - InstallDriver - adsk.dls.streamer.netlib - INFO :: ProxyServer: 
2025-09-25 20:48:33,089 - MainProcess(30612) - InstallDriver - adsk.dls.streamer.netlib - INFO :: Setup HTTPSHandler
2025-09-25 20:48:33,089 - MainProcess(30612) - InstallDriver - adsk.dls.streamer.netlib - INFO :: Setup AuthHandler
2025-09-25 20:48:33,239 - MainProcess(30612) - ThreadPoolExecutor-1_1 - adsk.dls.streamer.process.process - INFO :: package installation complete
2025-09-25 20:48:33,240 - MainProcess(30612) - ThreadPoolExecutor-1_1 - adsk.dls.streamer.process.process - INFO :: Downloading archive from https://dl.appstreaming.autodesk.com/production/packages/d356dd4007e46553815ad1ef8cf0a69aa3dc7a4b.tar.xz for package fcad56f75887841cd31819248317e7a83aeffb5b
2025-09-25 20:48:33,300 - MainProcess(30612) - ThreadPoolExecutor-1_4 - adsk.dls.streamer.process.process - INFO :: Extract path resolves to: \\?\C:\Users\Lenovo\AppData\Local\Autodesk\webdeploy\production\37a4fdb912fcb7645f48036186017c0cc6730354
2025-09-25 20:48:33,322 - MainProcess(30612) - ThreadPoolExecutor-1_1 - adsk.dls.streamer.netlib - INFO :: ProxyServer: 
2025-09-25 20:48:33,324 - MainProcess(30612) - ThreadPoolExecutor-1_1 - adsk.dls.streamer.netlib - INFO :: Setup HTTPSHandler
2025-09-25 20:48:33,324 - MainProcess(30612) - ThreadPoolExecutor-1_1 - adsk.dls.streamer.netlib - INFO :: Setup AuthHandler
2025-09-25 20:48:33,349 - MainProcess(30612) - InstallDriver - adsk.dls.streamer.process.process - INFO :: Pulling package manifest: f4ba0e6519a7be1c91c23b2c76c739f76b7f051f
2025-09-25 20:48:33,350 - MainProcess(30612) - InstallDriver - adsk.dls.streamer.manifests - INFO :: Opening manifest at: https://dl.appstreaming.autodesk.com/production/packages/f4ba0e6519a7be1c91c23b2c76c739f76b7f051f.json
2025-09-25 20:48:33,433 - MainProcess(30612) - InstallDriver - adsk.dls.streamer.netlib - INFO :: ProxyServer: 
2025-09-25 20:48:33,433 - MainProcess(30612) - InstallDriver - adsk.dls.streamer.netlib - INFO :: Setup HTTPSHandler
2025-09-25 20:48:33,433 - MainProcess(30612) - InstallDriver - adsk.dls.streamer.netlib - INFO :: Setup AuthHandler
2025-09-25 20:48:33,531 - MainProcess(30612) - ThreadPoolExecutor-1_1 - adsk.dls.streamer.process.process - INFO :: Extract path resolves to: \\?\C:\Users\Lenovo\AppData\Local\Autodesk\webdeploy\production\37a4fdb912fcb7645f48036186017c0cc6730354
2025-09-25 20:48:33,712 - MainProcess(30612) - InstallDriver - adsk.dls.streamer.process.process - INFO :: Pulling package manifest: 900430e92d959c417cc8743c00644da8cf5a4e08
2025-09-25 20:48:33,712 - MainProcess(30612) - InstallDriver - adsk.dls.streamer.manifests - INFO :: Opening manifest at: https://dl.appstreaming.autodesk.com/production/packages/900430e92d959c417cc8743c00644da8cf5a4e08.json
2025-09-25 20:48:33,826 - MainProcess(30612) - InstallDriver - adsk.dls.streamer.netlib - INFO :: ProxyServer: 
2025-09-25 20:48:33,826 - MainProcess(30612) - InstallDriver - adsk.dls.streamer.netlib - INFO :: Setup HTTPSHandler
2025-09-25 20:48:33,826 - MainProcess(30612) - InstallDriver - adsk.dls.streamer.netlib - INFO :: Setup AuthHandler
2025-09-25 20:48:34,370 - MainProcess(30612) - InstallDriver - adsk.dls.streamer.process.process - INFO :: Pulling package manifest: 5817efeef7a8b108a9246da32dc8540b9e4e12ab
2025-09-25 20:48:34,371 - MainProcess(30612) - InstallDriver - adsk.dls.streamer.manifests - INFO :: Opening manifest at: https://dl.appstreaming.autodesk.com/production/packages/5817efeef7a8b108a9246da32dc8540b9e4e12ab.json
2025-09-25 20:48:34,455 - MainProcess(30612) - InstallDriver - adsk.dls.streamer.netlib - INFO :: ProxyServer: 
2025-09-25 20:48:34,455 - MainProcess(30612) - InstallDriver - adsk.dls.streamer.netlib - INFO :: Setup HTTPSHandler
2025-09-25 20:48:34,456 - MainProcess(30612) - InstallDriver - adsk.dls.streamer.netlib - INFO :: Setup AuthHandler
2025-09-25 20:48:35,137 - MainProcess(30612) - InstallDriver - adsk.dls.streamer.process.process - INFO :: Pulling package manifest: 136903a728ebeecf4ac074b0451a524e556d8504
2025-09-25 20:48:35,138 - MainProcess(30612) - InstallDriver - adsk.dls.streamer.manifests - INFO :: Opening manifest at: https://dl.appstreaming.autodesk.com/production/packages/136903a728ebeecf4ac074b0451a524e556d8504.json
2025-09-25 20:48:35,227 - MainProcess(30612) - InstallDriver - adsk.dls.streamer.netlib - INFO :: ProxyServer: 
2025-09-25 20:48:35,228 - MainProcess(30612) - InstallDriver - adsk.dls.streamer.netlib - INFO :: Setup HTTPSHandler
2025-09-25 20:48:35,228 - MainProcess(30612) - InstallDriver - adsk.dls.streamer.netlib - INFO :: Setup AuthHandler
2025-09-25 20:48:35,505 - MainProcess(30612) - InstallDriver - adsk.dls.streamer.process.process - INFO :: Pulling package manifest: b1e9956e8240311afc0313e36c3e2b25417541d3
2025-09-25 20:48:35,505 - MainProcess(30612) - InstallDriver - adsk.dls.streamer.manifests - INFO :: Opening manifest at: https://dl.appstreaming.autodesk.com/production/packages/b1e9956e8240311afc0313e36c3e2b25417541d3.json
2025-09-25 20:48:35,589 - MainProcess(30612) - InstallDriver - adsk.dls.streamer.netlib - INFO :: ProxyServer: 
2025-09-25 20:48:35,589 - MainProcess(30612) - InstallDriver - adsk.dls.streamer.netlib - INFO :: Setup HTTPSHandler
2025-09-25 20:48:35,589 - MainProcess(30612) - InstallDriver - adsk.dls.streamer.netlib - INFO :: Setup AuthHandler
2025-09-25 20:48:36,092 - MainProcess(30612) - InstallDriver - adsk.dls.streamer.process.process - INFO :: Pulling package manifest: dad345c25d95c20bca8f716b6b45b153738cec25
2025-09-25 20:48:36,092 - MainProcess(30612) - InstallDriver - adsk.dls.streamer.manifests - INFO :: Opening manifest at: https://dl.appstreaming.autodesk.com/production/packages/dad345c25d95c20bca8f716b6b45b153738cec25.json
2025-09-25 20:48:36,188 - MainProcess(30612) - InstallDriver - adsk.dls.streamer.netlib - INFO :: ProxyServer: 
2025-09-25 20:48:36,188 - MainProcess(30612) - InstallDriver - adsk.dls.streamer.netlib - INFO :: Setup HTTPSHandler
2025-09-25 20:48:36,188 - MainProcess(30612) - InstallDriver - adsk.dls.streamer.netlib - INFO :: Setup AuthHandler
2025-09-25 20:48:36,971 - MainProcess(30612) - InstallDriver - adsk.dls.streamer.process.process - INFO :: Pulling package manifest: 3a6c933984b98c8e640b0422e5f32547516ed3bb
2025-09-25 20:48:36,973 - MainProcess(30612) - InstallDriver - adsk.dls.streamer.manifests - INFO :: Opening manifest at: https://dl.appstreaming.autodesk.com/production/packages/3a6c933984b98c8e640b0422e5f32547516ed3bb.json
2025-09-25 20:48:37,055 - MainProcess(30612) - InstallDriver - adsk.dls.streamer.netlib - INFO :: ProxyServer: 
2025-09-25 20:48:37,055 - MainProcess(30612) - InstallDriver - adsk.dls.streamer.netlib - INFO :: Setup HTTPSHandler
2025-09-25 20:48:37,055 - MainProcess(30612) - InstallDriver - adsk.dls.streamer.netlib - INFO :: Setup AuthHandler
2025-09-25 20:48:37,610 - MainProcess(30612) - ThreadPoolExecutor-1_3 - adsk.dls.streamer.process.process - INFO :: package installation complete
2025-09-25 20:48:37,613 - MainProcess(30612) - ThreadPoolExecutor-1_3 - adsk.dls.streamer.process.process - INFO :: Downloading archive from https://dl.appstreaming.autodesk.com/production/packages/7e8f0f4eb677f68e60de601c81067cbf5e3847b5.tar.xz for package a15ff22345291b20986a94ec3db3626dbf476172
2025-09-25 20:48:37,686 - MainProcess(30612) - ThreadPoolExecutor-1_3 - adsk.dls.streamer.netlib - INFO :: ProxyServer: 
2025-09-25 20:48:37,686 - MainProcess(30612) - ThreadPoolExecutor-1_3 - adsk.dls.streamer.netlib - INFO :: Setup HTTPSHandler
2025-09-25 20:48:37,687 - MainProcess(30612) - ThreadPoolExecutor-1_3 - adsk.dls.streamer.netlib - INFO :: Setup AuthHandler
2025-09-25 20:48:37,699 - MainProcess(30612) - ThreadPoolExecutor-1_2 - adsk.dls.streamer.process.process - INFO :: package installation complete
2025-09-25 20:48:37,703 - MainProcess(30612) - ThreadPoolExecutor-1_2 - adsk.dls.streamer.process.process - INFO :: Downloading archive from https://dl.appstreaming.autodesk.com/production/packages/7e0052760edab8106ef8a25f42a01e6f064d57a1.tar.xz for package cb316ce71452bba5c9c532718c24d5cbfae1d4ee
2025-09-25 20:48:37,757 - MainProcess(30612) - InstallDriver - adsk.dls.streamer.process.process - INFO :: Pulling package manifest: 7dc43a6eeb4074a0518765d95ace20ac88bf18c9
2025-09-25 20:48:37,758 - MainProcess(30612) - InstallDriver - adsk.dls.streamer.manifests - INFO :: Opening manifest at: https://dl.appstreaming.autodesk.com/production/packages/7dc43a6eeb4074a0518765d95ace20ac88bf18c9.json
2025-09-25 20:48:37,840 - MainProcess(30612) - ThreadPoolExecutor-1_2 - adsk.dls.streamer.netlib - INFO :: ProxyServer: 
2025-09-25 20:48:37,840 - MainProcess(30612) - ThreadPoolExecutor-1_2 - adsk.dls.streamer.netlib - INFO :: Setup HTTPSHandler
2025-09-25 20:48:37,840 - MainProcess(30612) - ThreadPoolExecutor-1_2 - adsk.dls.streamer.netlib - INFO :: Setup AuthHandler
2025-09-25 20:48:37,862 - MainProcess(30612) - InstallDriver - adsk.dls.streamer.netlib - INFO :: ProxyServer: 
2025-09-25 20:48:37,862 - MainProcess(30612) - InstallDriver - adsk.dls.streamer.netlib - INFO :: Setup HTTPSHandler
2025-09-25 20:48:37,862 - MainProcess(30612) - InstallDriver - adsk.dls.streamer.netlib - INFO :: Setup AuthHandler
2025-09-25 20:48:38,011 - MainProcess(30612) - ThreadPoolExecutor-1_3 - adsk.dls.streamer.process.process - INFO :: Extract path resolves to: \\?\C:\Users\Lenovo\AppData\Local\Autodesk\webdeploy\production\37a4fdb912fcb7645f48036186017c0cc6730354
2025-09-25 20:48:38,035 - MainProcess(30612) - ThreadPoolExecutor-1_2 - adsk.dls.streamer.process.process - INFO :: Extract path resolves to: \\?\C:\Users\Lenovo\AppData\Local\Autodesk\webdeploy\production\37a4fdb912fcb7645f48036186017c0cc6730354
2025-09-25 20:48:38,049 - MainProcess(30612) - InstallDriver - adsk.dls.streamer.process.process - INFO :: Pulling package manifest: 39b5c6419b37123801a5e298fa0770aff5cb280d
2025-09-25 20:48:38,050 - MainProcess(30612) - InstallDriver - adsk.dls.streamer.manifests - INFO :: Opening manifest at: https://dl.appstreaming.autodesk.com/production/packages/39b5c6419b37123801a5e298fa0770aff5cb280d.json
2025-09-25 20:48:38,125 - MainProcess(30612) - InstallDriver - adsk.dls.streamer.netlib - INFO :: ProxyServer: 
2025-09-25 20:48:38,125 - MainProcess(30612) - InstallDriver - adsk.dls.streamer.netlib - INFO :: Setup HTTPSHandler
2025-09-25 20:48:38,126 - MainProcess(30612) - InstallDriver - adsk.dls.streamer.netlib - INFO :: Setup AuthHandler
2025-09-25 20:48:38,436 - MainProcess(30612) - InstallDriver - adsk.dls.streamer.process.process - INFO :: Pulling package manifest: fc7240b8db22c07e1d186dd9c19f353e9107b417
2025-09-25 20:48:38,436 - MainProcess(30612) - InstallDriver - adsk.dls.streamer.manifests - INFO :: Opening manifest at: https://dl.appstreaming.autodesk.com/production/packages/fc7240b8db22c07e1d186dd9c19f353e9107b417.json
2025-09-25 20:48:38,515 - MainProcess(30612) - InstallDriver - adsk.dls.streamer.netlib - INFO :: ProxyServer: 
2025-09-25 20:48:38,515 - MainProcess(30612) - InstallDriver - adsk.dls.streamer.netlib - INFO :: Setup HTTPSHandler
2025-09-25 20:48:38,515 - MainProcess(30612) - InstallDriver - adsk.dls.streamer.netlib - INFO :: Setup AuthHandler
2025-09-25 20:48:38,825 - MainProcess(30612) - InstallDriver - adsk.dls.streamer.process.process - INFO :: Pulling package manifest: fb8c9811d070eaf06e9eb97820d0f23af14a91fb
2025-09-25 20:48:38,825 - MainProcess(30612) - InstallDriver - adsk.dls.streamer.manifests - INFO :: Opening manifest at: https://dl.appstreaming.autodesk.com/production/packages/fb8c9811d070eaf06e9eb97820d0f23af14a91fb.json
2025-09-25 20:48:38,917 - MainProcess(30612) - InstallDriver - adsk.dls.streamer.netlib - INFO :: ProxyServer: 
2025-09-25 20:48:38,917 - MainProcess(30612) - InstallDriver - adsk.dls.streamer.netlib - INFO :: Setup HTTPSHandler
2025-09-25 20:48:38,919 - MainProcess(30612) - InstallDriver - adsk.dls.streamer.netlib - INFO :: Setup AuthHandler
2025-09-25 20:48:39,176 - MainProcess(30612) - InstallDriver - adsk.dls.streamer.process.process - INFO :: Pulling package manifest: cd398d360d746179da04a19fe608256034f75a64
2025-09-25 20:48:39,177 - MainProcess(30612) - InstallDriver - adsk.dls.streamer.manifests - INFO :: Opening manifest at: https://dl.appstreaming.autodesk.com/production/packages/cd398d360d746179da04a19fe608256034f75a64.json
2025-09-25 20:48:39,274 - MainProcess(30612) - InstallDriver - adsk.dls.streamer.netlib - INFO :: ProxyServer: 
2025-09-25 20:48:39,275 - MainProcess(30612) - InstallDriver - adsk.dls.streamer.netlib - INFO :: Setup HTTPSHandler
2025-09-25 20:48:39,275 - MainProcess(30612) - InstallDriver - adsk.dls.streamer.netlib - INFO :: Setup AuthHandler
2025-09-25 20:48:39,777 - MainProcess(30612) - InstallDriver - adsk.dls.streamer.process.process - INFO :: Pulling package manifest: 44b98f9863f8de70e4da279ef2810b286c8f151b
2025-09-25 20:48:39,777 - MainProcess(30612) - InstallDriver - adsk.dls.streamer.manifests - INFO :: Opening manifest at: https://dl.appstreaming.autodesk.com/production/packages/44b98f9863f8de70e4da279ef2810b286c8f151b.json
2025-09-25 20:48:39,873 - MainProcess(30612) - InstallDriver - adsk.dls.streamer.netlib - INFO :: ProxyServer: 
2025-09-25 20:48:39,873 - MainProcess(30612) - InstallDriver - adsk.dls.streamer.netlib - INFO :: Setup HTTPSHandler
2025-09-25 20:48:39,873 - MainProcess(30612) - InstallDriver - adsk.dls.streamer.netlib - INFO :: Setup AuthHandler
2025-09-25 20:48:40,372 - MainProcess(30612) - InstallDriver - adsk.dls.streamer.process.process - INFO :: Pulling package manifest: 1841f7b196891fe52a4b8db0919f2a18c076f39a
2025-09-25 20:48:40,372 - MainProcess(30612) - InstallDriver - adsk.dls.streamer.manifests - INFO :: Opening manifest at: https://dl.appstreaming.autodesk.com/production/packages/1841f7b196891fe52a4b8db0919f2a18c076f39a.json
2025-09-25 20:48:40,447 - MainProcess(30612) - InstallDriver - adsk.dls.streamer.netlib - INFO :: ProxyServer: 
2025-09-25 20:48:40,447 - MainProcess(30612) - InstallDriver - adsk.dls.streamer.netlib - INFO :: Setup HTTPSHandler
2025-09-25 20:48:40,448 - MainProcess(30612) - InstallDriver - adsk.dls.streamer.netlib - INFO :: Setup AuthHandler
2025-09-25 20:48:40,954 - MainProcess(30612) - InstallDriver - adsk.dls.streamer.process.process - INFO :: Pulling package manifest: e08f00d286372d00ad2956c30a50dc9e7bef8fba
2025-09-25 20:48:40,954 - MainProcess(30612) - InstallDriver - adsk.dls.streamer.manifests - INFO :: Opening manifest at: https://dl.appstreaming.autodesk.com/production/packages/e08f00d286372d00ad2956c30a50dc9e7bef8fba.json
2025-09-25 20:48:41,032 - MainProcess(30612) - InstallDriver - adsk.dls.streamer.netlib - INFO :: ProxyServer: 
2025-09-25 20:48:41,032 - MainProcess(30612) - InstallDriver - adsk.dls.streamer.netlib - INFO :: Setup HTTPSHandler
2025-09-25 20:48:41,032 - MainProcess(30612) - InstallDriver - adsk.dls.streamer.netlib - INFO :: Setup AuthHandler
2025-09-25 20:48:41,539 - MainProcess(30612) - InstallDriver - adsk.dls.streamer.process.process - INFO :: Pulling package manifest: 1edd248f0475a89ebcb6e65c6911e73fddf09091
2025-09-25 20:48:41,539 - MainProcess(30612) - InstallDriver - adsk.dls.streamer.manifests - INFO :: Opening manifest at: https://dl.appstreaming.autodesk.com/production/packages/1edd248f0475a89ebcb6e65c6911e73fddf09091.json
2025-09-25 20:48:41,615 - MainProcess(30612) - InstallDriver - adsk.dls.streamer.netlib - INFO :: ProxyServer: 
2025-09-25 20:48:41,615 - MainProcess(30612) - InstallDriver - adsk.dls.streamer.netlib - INFO :: Setup HTTPSHandler
2025-09-25 20:48:41,615 - MainProcess(30612) - InstallDriver - adsk.dls.streamer.netlib - INFO :: Setup AuthHandler
2025-09-25 20:48:41,862 - MainProcess(30612) - InstallDriver - adsk.dls.streamer.process.process - INFO :: Pulling package manifest: 64d5d4e36ecb3d9d4ba9b7d1178e4b1f5600db1e
2025-09-25 20:48:41,862 - MainProcess(30612) - InstallDriver - adsk.dls.streamer.manifests - INFO :: Opening manifest at: https://dl.appstreaming.autodesk.com/production/packages/64d5d4e36ecb3d9d4ba9b7d1178e4b1f5600db1e.json
2025-09-25 20:48:41,991 - MainProcess(30612) - InstallDriver - adsk.dls.streamer.netlib - INFO :: ProxyServer: 
2025-09-25 20:48:41,991 - MainProcess(30612) - InstallDriver - adsk.dls.streamer.netlib - INFO :: Setup HTTPSHandler
2025-09-25 20:48:41,991 - MainProcess(30612) - InstallDriver - adsk.dls.streamer.netlib - INFO :: Setup AuthHandler
2025-09-25 20:48:42,199 - MainProcess(30612) - ThreadPoolExecutor-1_1 - adsk.dls.streamer.process.process - INFO :: package installation complete
2025-09-25 20:48:42,204 - MainProcess(30612) - ThreadPoolExecutor-1_1 - adsk.dls.streamer.process.process - INFO :: Downloading archive from https://dl.appstreaming.autodesk.com/production/packages/e756ad88f167d8aba7b6bc127f21fa0be20292ed.tar.xz for package 90f084e5118310aebf0ce1b1f255004168df30d3
2025-09-25 20:48:42,262 - MainProcess(30612) - InstallDriver - adsk.dls.streamer.process.process - INFO :: Pulling package manifest: 05d5aa8bb4fc73a6ed17526bce8706fb5cffc00d
2025-09-25 20:48:42,262 - MainProcess(30612) - InstallDriver - adsk.dls.streamer.manifests - INFO :: Opening manifest at: https://dl.appstreaming.autodesk.com/production/packages/05d5aa8bb4fc73a6ed17526bce8706fb5cffc00d.json
2025-09-25 20:48:42,318 - MainProcess(30612) - ThreadPoolExecutor-1_1 - adsk.dls.streamer.netlib - INFO :: ProxyServer: 
2025-09-25 20:48:42,335 - MainProcess(30612) - ThreadPoolExecutor-1_1 - adsk.dls.streamer.netlib - INFO :: Setup HTTPSHandler
2025-09-25 20:48:42,335 - MainProcess(30612) - ThreadPoolExecutor-1_1 - adsk.dls.streamer.netlib - INFO :: Setup AuthHandler
2025-09-25 20:48:42,355 - MainProcess(30612) - InstallDriver - adsk.dls.streamer.netlib - INFO :: ProxyServer: 
2025-09-25 20:48:42,355 - MainProcess(30612) - InstallDriver - adsk.dls.streamer.netlib - INFO :: Setup HTTPSHandler
2025-09-25 20:48:42,355 - MainProcess(30612) - InstallDriver - adsk.dls.streamer.netlib - INFO :: Setup AuthHandler
2025-09-25 20:48:42,590 - MainProcess(30612) - InstallDriver - adsk.dls.streamer.process.process - INFO :: Pulling package manifest: 58402b7d923228cc33aaf17a39d362bd0bb4e8ed
2025-09-25 20:48:42,590 - MainProcess(30612) - InstallDriver - adsk.dls.streamer.manifests - INFO :: Opening manifest at: https://dl.appstreaming.autodesk.com/production/packages/58402b7d923228cc33aaf17a39d362bd0bb4e8ed.json
2025-09-25 20:48:42,646 - MainProcess(30612) - ThreadPoolExecutor-1_1 - adsk.dls.streamer.process.process - INFO :: Extract path resolves to: \\?\C:\Users\Lenovo\AppData\Local\Autodesk\webdeploy\production\37a4fdb912fcb7645f48036186017c0cc6730354
2025-09-25 20:48:42,667 - MainProcess(30612) - InstallDriver - adsk.dls.streamer.netlib - INFO :: ProxyServer: 
2025-09-25 20:48:42,670 - MainProcess(30612) - InstallDriver - adsk.dls.streamer.netlib - INFO :: Setup HTTPSHandler
2025-09-25 20:48:42,670 - MainProcess(30612) - InstallDriver - adsk.dls.streamer.netlib - INFO :: Setup AuthHandler
2025-09-25 20:48:43,102 - MainProcess(30612) - InstallDriver - adsk.dls.streamer.process.process - INFO :: Pulling package manifest: 2b1b263856718b387dcbe2dc2b87e332f411186f
2025-09-25 20:48:43,102 - MainProcess(30612) - InstallDriver - adsk.dls.streamer.manifests - INFO :: Opening manifest at: https://dl.appstreaming.autodesk.com/production/packages/2b1b263856718b387dcbe2dc2b87e332f411186f.json
2025-09-25 20:48:43,179 - MainProcess(30612) - InstallDriver - adsk.dls.streamer.netlib - INFO :: ProxyServer: 
2025-09-25 20:48:43,179 - MainProcess(30612) - InstallDriver - adsk.dls.streamer.netlib - INFO :: Setup HTTPSHandler
2025-09-25 20:48:43,180 - MainProcess(30612) - InstallDriver - adsk.dls.streamer.netlib - INFO :: Setup AuthHandler
2025-09-25 20:48:43,644 - MainProcess(30612) - InstallDriver - adsk.dls.streamer.process.process - INFO :: Pulling package manifest: 3b9382c2ac1a6be1f40dd110954648d878b3945f
2025-09-25 20:48:43,644 - MainProcess(30612) - InstallDriver - adsk.dls.streamer.manifests - INFO :: Opening manifest at: https://dl.appstreaming.autodesk.com/production/packages/3b9382c2ac1a6be1f40dd110954648d878b3945f.json
2025-09-25 20:48:43,732 - MainProcess(30612) - InstallDriver - adsk.dls.streamer.netlib - INFO :: ProxyServer: 
2025-09-25 20:48:43,733 - MainProcess(30612) - InstallDriver - adsk.dls.streamer.netlib - INFO :: Setup HTTPSHandler
2025-09-25 20:48:43,733 - MainProcess(30612) - InstallDriver - adsk.dls.streamer.netlib - INFO :: Setup AuthHandler
2025-09-25 20:48:44,194 - MainProcess(30612) - InstallDriver - adsk.dls.streamer.process.process - INFO :: Pulling package manifest: c7257c412bb2ea448a3442fb22aceeb79639acbc
2025-09-25 20:48:44,194 - MainProcess(30612) - InstallDriver - adsk.dls.streamer.manifests - INFO :: Opening manifest at: https://dl.appstreaming.autodesk.com/production/packages/c7257c412bb2ea448a3442fb22aceeb79639acbc.json
2025-09-25 20:48:44,279 - MainProcess(30612) - InstallDriver - adsk.dls.streamer.netlib - INFO :: ProxyServer: 
2025-09-25 20:48:44,280 - MainProcess(30612) - InstallDriver - adsk.dls.streamer.netlib - INFO :: Setup HTTPSHandler
2025-09-25 20:48:44,280 - MainProcess(30612) - InstallDriver - adsk.dls.streamer.netlib - INFO :: Setup AuthHandler
2025-09-25 20:48:44,792 - MainProcess(30612) - InstallDriver - adsk.dls.streamer.process.process - INFO :: Pulling package manifest: 9a3111fa574bdd229a5f8b78597da69cc42ca428
2025-09-25 20:48:44,793 - MainProcess(30612) - InstallDriver - adsk.dls.streamer.manifests - INFO :: Opening manifest at: https://dl.appstreaming.autodesk.com/production/packages/9a3111fa574bdd229a5f8b78597da69cc42ca428.json
2025-09-25 20:48:44,890 - MainProcess(30612) - InstallDriver - adsk.dls.streamer.netlib - INFO :: ProxyServer: 
2025-09-25 20:48:44,893 - MainProcess(30612) - InstallDriver - adsk.dls.streamer.netlib - INFO :: Setup HTTPSHandler
2025-09-25 20:48:44,893 - MainProcess(30612) - InstallDriver - adsk.dls.streamer.netlib - INFO :: Setup AuthHandler
2025-09-25 20:48:45,284 - MainProcess(30612) - InstallDriver - adsk.dls.streamer.process.process - INFO :: Pulling package manifest: 886dca0bffc9d971fb0bb24c16d6942206046d47
2025-09-25 20:48:45,285 - MainProcess(30612) - InstallDriver - adsk.dls.streamer.manifests - INFO :: Opening manifest at: https://dl.appstreaming.autodesk.com/production/packages/886dca0bffc9d971fb0bb24c16d6942206046d47.json
2025-09-25 20:48:45,373 - MainProcess(30612) - InstallDriver - adsk.dls.streamer.netlib - INFO :: ProxyServer: 
2025-09-25 20:48:45,373 - MainProcess(30612) - InstallDriver - adsk.dls.streamer.netlib - INFO :: Setup HTTPSHandler
2025-09-25 20:48:45,373 - MainProcess(30612) - InstallDriver - adsk.dls.streamer.netlib - INFO :: Setup AuthHandler
2025-09-25 20:48:45,920 - MainProcess(30612) - InstallDriver - adsk.dls.streamer.process.process - INFO :: Pulling package manifest: d2f56f59de1be6be8a9ee5958311abbf4938e850
2025-09-25 20:48:45,920 - MainProcess(30612) - InstallDriver - adsk.dls.streamer.manifests - INFO :: Opening manifest at: https://dl.appstreaming.autodesk.com/production/packages/d2f56f59de1be6be8a9ee5958311abbf4938e850.json
2025-09-25 20:48:45,997 - MainProcess(30612) - InstallDriver - adsk.dls.streamer.netlib - INFO :: ProxyServer: 
2025-09-25 20:48:45,997 - MainProcess(30612) - InstallDriver - adsk.dls.streamer.netlib - INFO :: Setup HTTPSHandler
2025-09-25 20:48:45,997 - MainProcess(30612) - InstallDriver - adsk.dls.streamer.netlib - INFO :: Setup AuthHandler
2025-09-25 20:48:46,875 - MainProcess(30612) - InstallDriver - adsk.dls.streamer.process.process - INFO :: Pulling package manifest: e2c85b48fb86328430d3e1d3dc89c58636496b45
2025-09-25 20:48:46,875 - MainProcess(30612) - InstallDriver - adsk.dls.streamer.manifests - INFO :: Opening manifest at: https://dl.appstreaming.autodesk.com/production/packages/e2c85b48fb86328430d3e1d3dc89c58636496b45.json
2025-09-25 20:48:46,967 - MainProcess(30612) - InstallDriver - adsk.dls.streamer.netlib - INFO :: ProxyServer: 
2025-09-25 20:48:46,967 - MainProcess(30612) - InstallDriver - adsk.dls.streamer.netlib - INFO :: Setup HTTPSHandler
2025-09-25 20:48:46,967 - MainProcess(30612) - InstallDriver - adsk.dls.streamer.netlib - INFO :: Setup AuthHandler
2025-09-25 20:48:47,433 - MainProcess(30612) - InstallDriver - adsk.dls.streamer.process.process - INFO :: Pulling package manifest: caff8ebf3f13beb3664939d51b010522e99070a8
2025-09-25 20:48:47,433 - MainProcess(30612) - InstallDriver - adsk.dls.streamer.manifests - INFO :: Opening manifest at: https://dl.appstreaming.autodesk.com/production/packages/caff8ebf3f13beb3664939d51b010522e99070a8.json
2025-09-25 20:48:47,524 - MainProcess(30612) - InstallDriver - adsk.dls.streamer.netlib - INFO :: ProxyServer: 
2025-09-25 20:48:47,524 - MainProcess(30612) - InstallDriver - adsk.dls.streamer.netlib - INFO :: Setup HTTPSHandler
2025-09-25 20:48:47,525 - MainProcess(30612) - InstallDriver - adsk.dls.streamer.netlib - INFO :: Setup AuthHandler
2025-09-25 20:48:48,134 - MainProcess(30612) - InstallDriver - adsk.dls.streamer.process.process - INFO :: Pulling package manifest: 4cc4fc5ded8c153327bd927b362d2dcd1a6a8c0e
2025-09-25 20:48:48,135 - MainProcess(30612) - InstallDriver - adsk.dls.streamer.manifests - INFO :: Opening manifest at: https://dl.appstreaming.autodesk.com/production/packages/4cc4fc5ded8c153327bd927b362d2dcd1a6a8c0e.json
2025-09-25 20:48:48,224 - MainProcess(30612) - InstallDriver - adsk.dls.streamer.netlib - INFO :: ProxyServer: 
2025-09-25 20:48:48,226 - MainProcess(30612) - InstallDriver - adsk.dls.streamer.netlib - INFO :: Setup HTTPSHandler
2025-09-25 20:48:48,226 - MainProcess(30612) - InstallDriver - adsk.dls.streamer.netlib - INFO :: Setup AuthHandler
2025-09-25 20:48:49,041 - MainProcess(30612) - InstallDriver - adsk.dls.streamer.process.process - INFO :: Pulling package manifest: 8a837175ed7576990067536aef3a3ef4f9b61fa8
2025-09-25 20:48:49,041 - MainProcess(30612) - InstallDriver - adsk.dls.streamer.manifests - INFO :: Opening manifest at: https://dl.appstreaming.autodesk.com/production/packages/8a837175ed7576990067536aef3a3ef4f9b61fa8.json
2025-09-25 20:48:49,128 - MainProcess(30612) - InstallDriver - adsk.dls.streamer.netlib - INFO :: ProxyServer: 
2025-09-25 20:48:49,128 - MainProcess(30612) - InstallDriver - adsk.dls.streamer.netlib - INFO :: Setup HTTPSHandler
2025-09-25 20:48:49,129 - MainProcess(30612) - InstallDriver - adsk.dls.streamer.netlib - INFO :: Setup AuthHandler
2025-09-25 20:48:49,415 - MainProcess(30612) - InstallDriver - adsk.dls.streamer.process.process - INFO :: Pulling package manifest: 4b91141c503e6a4e1767e5e2c7994114615bc492
2025-09-25 20:48:49,415 - MainProcess(30612) - InstallDriver - adsk.dls.streamer.manifests - INFO :: Opening manifest at: https://dl.appstreaming.autodesk.com/production/packages/4b91141c503e6a4e1767e5e2c7994114615bc492.json
2025-09-25 20:48:49,499 - MainProcess(30612) - InstallDriver - adsk.dls.streamer.netlib - INFO :: ProxyServer: 
2025-09-25 20:48:49,500 - MainProcess(30612) - InstallDriver - adsk.dls.streamer.netlib - INFO :: Setup HTTPSHandler
2025-09-25 20:48:49,500 - MainProcess(30612) - InstallDriver - adsk.dls.streamer.netlib - INFO :: Setup AuthHandler
2025-09-25 20:48:49,789 - MainProcess(30612) - ThreadPoolExecutor-1_0 - adsk.dls.streamer.process.process - INFO :: Start executing tasks thread
2025-09-25 20:48:49,790 - MainProcess(30612) - ThreadPoolExecutor-1_0 - adsk.dls.streamer.process.process - INFO :: Recording files in registry for a8aa32f22408eb987c4fe2f440dfe46b8973621a
2025-09-25 20:48:49,805 - MainProcess(30612) - ThreadPoolExecutor-1_0 - adsk.dls.streamer.process.process - INFO :: Recording files in registry for d2a44f25adeddcd72ce3ded18f440548aeb01e62
2025-09-25 20:48:49,868 - MainProcess(30612) - ThreadPoolExecutor-1_0 - adsk.dls.streamer.process.process - INFO :: Recording files in registry for 27c3221ddec962aacc7f2b8b6c7c5150133fd43e
2025-09-25 20:48:49,884 - MainProcess(30612) - ThreadPoolExecutor-1_0 - adsk.dls.streamer.process.process - INFO :: Recording files in registry for 27bf30fbd7d8b8ade5d8e98932bc0a796442d735
2025-09-25 20:48:49,894 - MainProcess(30612) - ThreadPoolExecutor-1_0 - adsk.dls.streamer.process.process - INFO :: Recording files in registry for 35ec4bb13c880e20c648fd7617e90b7af7295b2d
2025-09-25 20:48:49,920 - MainProcess(30612) - ThreadPoolExecutor-1_0 - adsk.dls.streamer.process.process - INFO :: Recording files in registry for 8b34031f003e104f0c97d38c7cac650bf86a6177
2025-09-25 20:48:49,929 - MainProcess(30612) - ThreadPoolExecutor-1_0 - adsk.dls.streamer.process.process - INFO :: Recording files in registry for b290592654384ee0f48b48defefcaa9ac6d24f83
2025-09-25 20:48:49,944 - MainProcess(30612) - ThreadPoolExecutor-1_0 - adsk.dls.streamer.process.process - INFO :: Recording files in registry for d22785bec18797f3763f30f2cd945cc190aaa0d5
2025-09-25 20:48:49,956 - MainProcess(30612) - ThreadPoolExecutor-1_0 - adsk.dls.streamer.process.process - INFO :: Recording files in registry for 510579fded0d2f188ec5091b1816d397e08a2b61
2025-09-25 20:48:49,968 - MainProcess(30612) - ThreadPoolExecutor-1_0 - adsk.dls.streamer.process.process - INFO :: Recording files in registry for 2d7863ce288e8679b2e09a71ec37b55dcf0bbebc
2025-09-25 20:48:49,979 - MainProcess(30612) - ThreadPoolExecutor-1_0 - adsk.dls.streamer.process.process - INFO :: Recording files in registry for d75088fc008858de112024b4e8a2adadf0940020
2025-09-25 20:48:49,988 - MainProcess(30612) - ThreadPoolExecutor-1_0 - adsk.dls.streamer.process.process - INFO :: Recording files in registry for 647e89fe5f2ef2a475f58f6bb66e7cdfb5eba4b6
2025-09-25 20:48:50,001 - MainProcess(30612) - ThreadPoolExecutor-1_0 - adsk.dls.streamer.process.process - INFO :: Recording files in registry for ea41299320c161df6cd41fb42a33841bd7488778
2025-09-25 20:48:50,009 - MainProcess(30612) - ThreadPoolExecutor-1_0 - adsk.dls.streamer.process.process - INFO :: Recording files in registry for 51ac63a35e90febb5d1039f9bdf03bda6cac1a5d
2025-09-25 20:48:50,025 - MainProcess(30612) - ThreadPoolExecutor-1_0 - adsk.dls.streamer.process.process - INFO :: Recording files in registry for 2859dbd080e8ab4a70b397015419f3f186a11a39
2025-09-25 20:48:50,039 - MainProcess(30612) - ThreadPoolExecutor-1_0 - adsk.dls.streamer.process.process - INFO :: Recording files in registry for ebf902ad90d0a79736f95889c2e7b2759b6fdfc5
2025-09-25 20:48:50,052 - MainProcess(30612) - ThreadPoolExecutor-1_0 - adsk.dls.streamer.process.process - INFO :: Recording files in registry for ed0dfc9c7de9db4752a1c40e98261273c7fb1e3e
2025-09-25 20:48:50,065 - MainProcess(30612) - ThreadPoolExecutor-1_3 - adsk.dls.streamer.process.process - INFO :: package installation complete
2025-09-25 20:48:50,069 - MainProcess(30612) - ThreadPoolExecutor-1_3 - adsk.dls.streamer.process.process - INFO :: Downloading archive from https://dl.appstreaming.autodesk.com/production/packages/78ec0124f9aba0a2a46a8d889dd6994c1cac714a.tar.xz for package a748922e0be928761decc29994df08a5f409843d
2025-09-25 20:48:50,132 - MainProcess(30612) - ThreadPoolExecutor-1_0 - adsk.dls.streamer.process.process - INFO :: Recording files in registry for 116de9bf876f7a4f2072625ffc7d930e908d5db2
2025-09-25 20:48:50,156 - MainProcess(30612) - ThreadPoolExecutor-1_3 - adsk.dls.streamer.netlib - INFO :: ProxyServer: 
2025-09-25 20:48:50,156 - MainProcess(30612) - ThreadPoolExecutor-1_3 - adsk.dls.streamer.netlib - INFO :: Setup HTTPSHandler
2025-09-25 20:48:50,156 - MainProcess(30612) - ThreadPoolExecutor-1_3 - adsk.dls.streamer.netlib - INFO :: Setup AuthHandler
2025-09-25 20:48:50,345 - MainProcess(30612) - ThreadPoolExecutor-1_3 - adsk.dls.streamer.process.process - INFO :: Extract path resolves to: \\?\C:\Users\Lenovo\AppData\Local\Autodesk\webdeploy\production\37a4fdb912fcb7645f48036186017c0cc6730354
2025-09-25 20:48:50,379 - MainProcess(30612) - ThreadPoolExecutor-1_3 - adsk.dls.streamer.process.process - INFO :: package installation complete
2025-09-25 20:48:50,379 - MainProcess(30612) - ThreadPoolExecutor-1_3 - adsk.dls.streamer.process.process - INFO :: Downloading archive from https://dl.appstreaming.autodesk.com/production/packages/cf492ce1e46ec13c5a139cfbf3341d02901079cf.tar.xz for package be442128e0e54826d920758837a02e85de1b9e14
2025-09-25 20:48:50,461 - MainProcess(30612) - ThreadPoolExecutor-1_3 - adsk.dls.streamer.netlib - INFO :: ProxyServer: 
2025-09-25 20:48:50,461 - MainProcess(30612) - ThreadPoolExecutor-1_3 - adsk.dls.streamer.netlib - INFO :: Setup HTTPSHandler
2025-09-25 20:48:50,462 - MainProcess(30612) - ThreadPoolExecutor-1_3 - adsk.dls.streamer.netlib - INFO :: Setup AuthHandler
2025-09-25 20:48:50,829 - MainProcess(30612) - ThreadPoolExecutor-1_3 - adsk.dls.streamer.process.process - INFO :: Extract path resolves to: \\?\C:\Users\Lenovo\AppData\Local\Autodesk\webdeploy\production\37a4fdb912fcb7645f48036186017c0cc6730354
2025-09-25 20:49:10,354 - MainProcess(30612) - ThreadPoolExecutor-1_3 - adsk.dls.streamer.process.process - INFO :: package installation complete
2025-09-25 20:49:10,358 - MainProcess(30612) - ThreadPoolExecutor-1_3 - adsk.dls.streamer.process.process - INFO :: Downloading archive from https://dl.appstreaming.autodesk.com/production/packages/bc2bf8ffbcad46f0eb56a40aa1911d72106bef24.tar.xz for package 8a8c82d18e7ef16a868f89c7dcd1c58e7ea22214
2025-09-25 20:49:10,452 - MainProcess(30612) - ThreadPoolExecutor-1_3 - adsk.dls.streamer.netlib - INFO :: ProxyServer: 
2025-09-25 20:49:10,453 - MainProcess(30612) - ThreadPoolExecutor-1_3 - adsk.dls.streamer.netlib - INFO :: Setup HTTPSHandler
2025-09-25 20:49:10,453 - MainProcess(30612) - ThreadPoolExecutor-1_3 - adsk.dls.streamer.netlib - INFO :: Setup AuthHandler
2025-09-25 20:49:11,555 - MainProcess(30612) - ThreadPoolExecutor-1_3 - adsk.dls.streamer.process.process - INFO :: Extract path resolves to: \\?\C:\Users\Lenovo\AppData\Local\Autodesk\webdeploy\production\37a4fdb912fcb7645f48036186017c0cc6730354
2025-09-25 20:49:11,982 - MainProcess(30612) - ThreadPoolExecutor-1_3 - adsk.dls.streamer.process.process - INFO :: package installation complete
2025-09-25 20:49:11,982 - MainProcess(30612) - ThreadPoolExecutor-1_3 - adsk.dls.streamer.process.process - INFO :: Downloading archive from https://dl.appstreaming.autodesk.com/production/packages/5e5631e41f60afc049f8ab739319e7f865347200.tar.xz for package 3d92e693836c175ea4ac9b266430b36fe94828da
2025-09-25 20:49:12,057 - MainProcess(30612) - ThreadPoolExecutor-1_3 - adsk.dls.streamer.netlib - INFO :: ProxyServer: 
2025-09-25 20:49:12,058 - MainProcess(30612) - ThreadPoolExecutor-1_3 - adsk.dls.streamer.netlib - INFO :: Setup HTTPSHandler
2025-09-25 20:49:12,058 - MainProcess(30612) - ThreadPoolExecutor-1_3 - adsk.dls.streamer.netlib - INFO :: Setup AuthHandler
2025-09-25 20:49:12,339 - MainProcess(30612) - ThreadPoolExecutor-1_3 - adsk.dls.streamer.process.process - INFO :: Extract path resolves to: \\?\C:\Users\Lenovo\AppData\Local\Autodesk\webdeploy\production\37a4fdb912fcb7645f48036186017c0cc6730354
2025-09-25 20:49:13,699 - MainProcess(30612) - ThreadPoolExecutor-1_1 - adsk.dls.streamer.process.process - INFO :: package installation complete
2025-09-25 20:49:13,704 - MainProcess(30612) - ThreadPoolExecutor-1_1 - adsk.dls.streamer.process.process - INFO :: Downloading archive from https://dl.appstreaming.autodesk.com/production/packages/507b8cd717c06682c8415f879ab6ee6be3eabb37.tar.xz for package 3db95db630f475cc8524022533c7ed36ba965b57
2025-09-25 20:49:13,772 - MainProcess(30612) - ThreadPoolExecutor-1_1 - adsk.dls.streamer.netlib - INFO :: ProxyServer: 
2025-09-25 20:49:13,772 - MainProcess(30612) - ThreadPoolExecutor-1_1 - adsk.dls.streamer.netlib - INFO :: Setup HTTPSHandler
2025-09-25 20:49:13,772 - MainProcess(30612) - ThreadPoolExecutor-1_1 - adsk.dls.streamer.netlib - INFO :: Setup AuthHandler
2025-09-25 20:49:15,410 - MainProcess(30612) - ThreadPoolExecutor-1_1 - adsk.dls.streamer.process.process - INFO :: Extract path resolves to: \\?\C:\Users\Lenovo\AppData\Local\Autodesk\webdeploy\production\37a4fdb912fcb7645f48036186017c0cc6730354
2025-09-25 20:49:17,743 - MainProcess(30612) - ThreadPoolExecutor-1_1 - adsk.dls.streamer.process.process - INFO :: package installation complete
2025-09-25 20:49:17,743 - MainProcess(30612) - ThreadPoolExecutor-1_1 - adsk.dls.streamer.process.process - INFO :: Downloading archive from https://dl.appstreaming.autodesk.com/production/packages/dd89f4de595cf46e724c9f9c54fd81f19a1965dc.tar.xz for package 3b40af466ca1f60807d87a14fc81e44c597132e4
2025-09-25 20:49:17,819 - MainProcess(30612) - ThreadPoolExecutor-1_1 - adsk.dls.streamer.netlib - INFO :: ProxyServer: 
2025-09-25 20:49:17,821 - MainProcess(30612) - ThreadPoolExecutor-1_1 - adsk.dls.streamer.netlib - INFO :: Setup HTTPSHandler
2025-09-25 20:49:17,821 - MainProcess(30612) - ThreadPoolExecutor-1_1 - adsk.dls.streamer.netlib - INFO :: Setup AuthHandler
2025-09-25 20:49:19,803 - MainProcess(30612) - ThreadPoolExecutor-1_1 - adsk.dls.streamer.process.process - INFO :: Extract path resolves to: \\?\C:\Users\Lenovo\AppData\Local\Autodesk\webdeploy\production\37a4fdb912fcb7645f48036186017c0cc6730354
2025-09-25 20:49:20,268 - MainProcess(30612) - ThreadPoolExecutor-1_3 - adsk.dls.streamer.process.process - INFO :: package installation complete
2025-09-25 20:49:20,270 - MainProcess(30612) - ThreadPoolExecutor-1_3 - adsk.dls.streamer.process.process - INFO :: Downloading archive from https://dl.appstreaming.autodesk.com/production/packages/112ef3b935299985483f2275d23ae75cdaeacd2f.tar.xz for package 8721252418036f7ab7952c426ee3b44bb3158921
2025-09-25 20:49:20,336 - MainProcess(30612) - ThreadPoolExecutor-1_3 - adsk.dls.streamer.netlib - INFO :: ProxyServer: 
2025-09-25 20:49:20,336 - MainProcess(30612) - ThreadPoolExecutor-1_3 - adsk.dls.streamer.netlib - INFO :: Setup HTTPSHandler
2025-09-25 20:49:20,336 - MainProcess(30612) - ThreadPoolExecutor-1_3 - adsk.dls.streamer.netlib - INFO :: Setup AuthHandler
2025-09-25 20:49:23,358 - MainProcess(30612) - ThreadPoolExecutor-1_3 - adsk.dls.streamer.process.process - INFO :: Extract path resolves to: \\?\C:\Users\Lenovo\AppData\Local\Autodesk\webdeploy\production\37a4fdb912fcb7645f48036186017c0cc6730354
2025-09-25 20:49:24,095 - MainProcess(30612) - ThreadPoolExecutor-1_1 - adsk.dls.streamer.process.process - INFO :: package installation complete
2025-09-25 20:49:24,096 - MainProcess(30612) - ThreadPoolExecutor-1_1 - adsk.dls.streamer.process.process - INFO :: Downloading archive from https://dl.appstreaming.autodesk.com/production/packages/081f005e0a82557d1522fd8e199e0f5f7c8259fa.tar.xz for package 0894f13ed207450a7a7c80e41001f2734a2bdb1d
2025-09-25 20:49:24,169 - MainProcess(30612) - ThreadPoolExecutor-1_1 - adsk.dls.streamer.netlib - INFO :: ProxyServer: 
2025-09-25 20:49:24,169 - MainProcess(30612) - ThreadPoolExecutor-1_1 - adsk.dls.streamer.netlib - INFO :: Setup HTTPSHandler
2025-09-25 20:49:24,169 - MainProcess(30612) - ThreadPoolExecutor-1_1 - adsk.dls.streamer.netlib - INFO :: Setup AuthHandler
2025-09-25 20:49:24,896 - MainProcess(30612) - ThreadPoolExecutor-1_1 - adsk.dls.streamer.process.process - INFO :: Extract path resolves to: \\?\C:\Users\Lenovo\AppData\Local\Autodesk\webdeploy\production\37a4fdb912fcb7645f48036186017c0cc6730354
2025-09-25 20:49:30,161 - MainProcess(30612) - ThreadPoolExecutor-1_1 - adsk.dls.streamer.process.process - INFO :: package installation complete
2025-09-25 20:49:30,162 - MainProcess(30612) - ThreadPoolExecutor-1_1 - adsk.dls.streamer.process.process - INFO :: Downloading archive from https://dl.appstreaming.autodesk.com/production/packages/0000d62f73d695168a3555bbd182dc012295e17e.tar.xz for package e0922610c9a0e2089a3ebac48e00a7bf1cc5a168
2025-09-25 20:49:30,240 - MainProcess(30612) - ThreadPoolExecutor-1_1 - adsk.dls.streamer.netlib - INFO :: ProxyServer: 
2025-09-25 20:49:30,240 - MainProcess(30612) - ThreadPoolExecutor-1_1 - adsk.dls.streamer.netlib - INFO :: Setup HTTPSHandler
2025-09-25 20:49:30,240 - MainProcess(30612) - ThreadPoolExecutor-1_1 - adsk.dls.streamer.netlib - INFO :: Setup AuthHandler
2025-09-25 20:49:31,118 - MainProcess(30612) - ThreadPoolExecutor-1_1 - adsk.dls.streamer.process.process - INFO :: Extract path resolves to: \\?\C:\Users\Lenovo\AppData\Local\Autodesk\webdeploy\production\37a4fdb912fcb7645f48036186017c0cc6730354
2025-09-25 20:49:31,466 - MainProcess(30612) - ThreadPoolExecutor-1_1 - adsk.dls.streamer.process.process - INFO :: package installation complete
2025-09-25 20:49:31,466 - MainProcess(30612) - ThreadPoolExecutor-1_1 - adsk.dls.streamer.process.process - INFO :: Downloading archive from https://dl.appstreaming.autodesk.com/production/packages/4062cae3192d6408d1d81ebd5846fc8503f46c43.tar.xz for package 6460bc869ffc082afd030d910af9258e418d0e8a
2025-09-25 20:49:31,552 - MainProcess(30612) - ThreadPoolExecutor-1_1 - adsk.dls.streamer.netlib - INFO :: ProxyServer: 
2025-09-25 20:49:31,552 - MainProcess(30612) - ThreadPoolExecutor-1_1 - adsk.dls.streamer.netlib - INFO :: Setup HTTPSHandler
2025-09-25 20:49:31,552 - MainProcess(30612) - ThreadPoolExecutor-1_1 - adsk.dls.streamer.netlib - INFO :: Setup AuthHandler
2025-09-25 20:49:32,225 - MainProcess(30612) - ThreadPoolExecutor-1_1 - adsk.dls.streamer.process.process - INFO :: Extract path resolves to: \\?\C:\Users\Lenovo\AppData\Local\Autodesk\webdeploy\production\37a4fdb912fcb7645f48036186017c0cc6730354
2025-09-25 20:49:32,798 - MainProcess(30612) - ThreadPoolExecutor-1_1 - adsk.dls.streamer.process.process - INFO :: package installation complete
2025-09-25 20:49:32,798 - MainProcess(30612) - ThreadPoolExecutor-1_1 - adsk.dls.streamer.process.process - INFO :: Downloading archive from https://dl.appstreaming.autodesk.com/production/packages/67d98d78942bfafae46ea43274aec1741af10128.tar.xz for package f8965090d24a205331fb58c02af8f929bbe5e4c7
2025-09-25 20:49:32,866 - MainProcess(30612) - ThreadPoolExecutor-1_1 - adsk.dls.streamer.netlib - INFO :: ProxyServer: 
2025-09-25 20:49:32,867 - MainProcess(30612) - ThreadPoolExecutor-1_1 - adsk.dls.streamer.netlib - INFO :: Setup HTTPSHandler
2025-09-25 20:49:32,867 - MainProcess(30612) - ThreadPoolExecutor-1_1 - adsk.dls.streamer.netlib - INFO :: Setup AuthHandler
2025-09-25 20:49:33,525 - MainProcess(30612) - ThreadPoolExecutor-1_1 - adsk.dls.streamer.process.process - INFO :: Extract path resolves to: \\?\C:\Users\Lenovo\AppData\Local\Autodesk\webdeploy\production\37a4fdb912fcb7645f48036186017c0cc6730354
2025-09-25 20:49:34,599 - MainProcess(30612) - ThreadPoolExecutor-1_1 - adsk.dls.streamer.process.process - INFO :: package installation complete
2025-09-25 20:49:34,600 - MainProcess(30612) - ThreadPoolExecutor-1_1 - adsk.dls.streamer.process.process - INFO :: Downloading archive from https://dl.appstreaming.autodesk.com/production/packages/b744d83272ac46caf0849cfc67e470d43768b5ee.tar.xz for package f4ba0e6519a7be1c91c23b2c76c739f76b7f051f
2025-09-25 20:49:34,719 - MainProcess(30612) - ThreadPoolExecutor-1_1 - adsk.dls.streamer.netlib - INFO :: ProxyServer: 
2025-09-25 20:49:34,720 - MainProcess(30612) - ThreadPoolExecutor-1_1 - adsk.dls.streamer.netlib - INFO :: Setup HTTPSHandler
2025-09-25 20:49:34,721 - MainProcess(30612) - ThreadPoolExecutor-1_1 - adsk.dls.streamer.netlib - INFO :: Setup AuthHandler
2025-09-25 20:49:35,479 - MainProcess(30612) - ThreadPoolExecutor-1_1 - adsk.dls.streamer.process.process - INFO :: Extract path resolves to: \\?\C:\Users\Lenovo\AppData\Local\Autodesk\webdeploy\production\37a4fdb912fcb7645f48036186017c0cc6730354
2025-09-25 20:49:39,606 - MainProcess(30612) - ThreadPoolExecutor-1_4 - adsk.dls.streamer.process.process - INFO :: package installation complete
2025-09-25 20:49:39,610 - MainProcess(30612) - ThreadPoolExecutor-1_4 - adsk.dls.streamer.process.process - INFO :: Downloading archive from https://dl.appstreaming.autodesk.com/production/packages/786406d75c61c5a5dc4e2aaaf54d034a71edbe0f.tar.xz for package 900430e92d959c417cc8743c00644da8cf5a4e08
2025-09-25 20:49:39,676 - MainProcess(30612) - ThreadPoolExecutor-1_0 - adsk.dls.streamer.process.process - INFO :: Recording files in registry for 51d84027c8d29eb1c1157a98680a9ba345221acd
2025-09-25 20:49:39,704 - MainProcess(30612) - ThreadPoolExecutor-1_4 - adsk.dls.streamer.netlib - INFO :: ProxyServer: 
2025-09-25 20:49:39,704 - MainProcess(30612) - ThreadPoolExecutor-1_4 - adsk.dls.streamer.netlib - INFO :: Setup HTTPSHandler
2025-09-25 20:49:39,704 - MainProcess(30612) - ThreadPoolExecutor-1_4 - adsk.dls.streamer.netlib - INFO :: Setup AuthHandler
2025-09-25 20:49:39,712 - MainProcess(30612) - ThreadPoolExecutor-1_0 - adsk.dls.streamer.process.process - INFO :: Recording files in registry for fcad56f75887841cd31819248317e7a83aeffb5b
2025-09-25 20:49:39,738 - MainProcess(30612) - ThreadPoolExecutor-1_0 - adsk.dls.streamer.process.process - INFO :: Recording files in registry for a15ff22345291b20986a94ec3db3626dbf476172
2025-09-25 20:49:40,066 - MainProcess(30612) - ThreadPoolExecutor-1_1 - adsk.dls.streamer.process.process - INFO :: package installation complete
2025-09-25 20:49:40,068 - MainProcess(30612) - ThreadPoolExecutor-1_1 - adsk.dls.streamer.process.process - INFO :: Downloading archive from https://dl.appstreaming.autodesk.com/production/packages/b630ae1065064dfd9e6631a226fc7509baff79d8.tar.xz for package 900430e92d959c417cc8743c00644da8cf5a4e08
2025-09-25 20:49:40,159 - MainProcess(30612) - ThreadPoolExecutor-1_1 - adsk.dls.streamer.netlib - INFO :: ProxyServer: 
2025-09-25 20:49:40,159 - MainProcess(30612) - ThreadPoolExecutor-1_1 - adsk.dls.streamer.netlib - INFO :: Setup HTTPSHandler
2025-09-25 20:49:40,159 - MainProcess(30612) - ThreadPoolExecutor-1_1 - adsk.dls.streamer.netlib - INFO :: Setup AuthHandler
2025-09-25 20:49:40,177 - MainProcess(30612) - ThreadPoolExecutor-1_4 - adsk.dls.streamer.process.process - INFO :: Extract path resolves to: \\?\C:\Users\Lenovo\AppData\Local\Autodesk\webdeploy\production\37a4fdb912fcb7645f48036186017c0cc6730354
2025-09-25 20:49:40,654 - MainProcess(30612) - ThreadPoolExecutor-1_1 - adsk.dls.streamer.process.process - INFO :: Extract path resolves to: \\?\C:\Users\Lenovo\AppData\Local\Autodesk\webdeploy\production\37a4fdb912fcb7645f48036186017c0cc6730354
2025-09-25 20:49:43,522 - MainProcess(30612) - ThreadPoolExecutor-1_1 - adsk.dls.streamer.process.process - INFO :: package installation complete
2025-09-25 20:49:43,524 - MainProcess(30612) - ThreadPoolExecutor-1_1 - adsk.dls.streamer.process.process - INFO :: Downloading archive from https://dl.appstreaming.autodesk.com/production/packages/5817efeef7a8b108a9246da32dc8540b9e4e12ab.tar.xz for package 5817efeef7a8b108a9246da32dc8540b9e4e12ab
2025-09-25 20:49:43,618 - MainProcess(30612) - ThreadPoolExecutor-1_1 - adsk.dls.streamer.netlib - INFO :: ProxyServer: 
2025-09-25 20:49:43,619 - MainProcess(30612) - ThreadPoolExecutor-1_1 - adsk.dls.streamer.netlib - INFO :: Setup HTTPSHandler
2025-09-25 20:49:43,619 - MainProcess(30612) - ThreadPoolExecutor-1_1 - adsk.dls.streamer.netlib - INFO :: Setup AuthHandler
2025-09-25 20:49:44,535 - MainProcess(30612) - ThreadPoolExecutor-1_1 - adsk.dls.streamer.process.process - INFO :: Extract path resolves to: \\?\C:\Users\Lenovo\AppData\Local\Autodesk\Common
2025-09-25 20:49:44,536 - MainProcess(30612) - ThreadPoolExecutor-1_1 - adsk.dls.streamer.process.process - INFO :: Extract path does not exist. Creating
2025-09-25 20:49:52,730 - MainProcess(14216) - MainThread - adsk.dls.streamer - DEBUG :: Logging initialized, with level 10, output file: C:\Users\Lenovo\AppData\Local\Autodesk\autodesk.webdeploy.streamer.log
2025-09-25 20:49:52,731 - MainProcess(14216) - MainThread - adsk.dls.streamer.configuration - INFO :: #################################### Begin ####################################
2025-09-25 20:49:52,731 - MainProcess(14216) - MainThread - adsk.dls.streamer.configuration - INFO :: #                                                                             #
2025-09-25 20:49:52,731 - MainProcess(14216) - MainThread - adsk.dls.streamer.configuration - INFO :: # <adsk.dls.streamer.configuration.Configurator object at 0x000001C5F70D8750> #
2025-09-25 20:49:52,732 - MainProcess(14216) - MainThread - adsk.dls.streamer.configuration - INFO :: #                                                                             #
2025-09-25 20:49:52,732 - MainProcess(14216) - MainThread - adsk.dls.streamer.configuration - INFO :: ###############################################################################
2025-09-25 20:49:52,732 - MainProcess(14216) - MainThread - adsk.dls.streamer.manifests - INFO :: Loading build manifest from C:\Users\Lenovo\AppData\Local\Temp\7zSAA20.tmp\resources\buildinfo.json
2025-09-25 20:49:52,733 - MainProcess(14216) - MainThread - adsk.dls.streamer.manifests - DEBUG :: Searching for manifest object member: feature-version
2025-09-25 20:49:52,733 - MainProcess(14216) - MainThread - adsk.dls.streamer.configuration - INFO :: The streamer version is: 20230718160705
2025-09-25 20:49:52,733 - MainProcess(14216) - MainThread - adsk.dls.streamer.configuration - DEBUG :: Loading default language: en_US
2025-09-25 20:49:52,734 - MainProcess(14216) - MainThread - adsk.dls.streamer.configuration - DEBUG :: Resource directory set to: C:\Users\Lenovo\AppData\Local\Temp\7zSAA20.tmp\resources
2025-09-25 20:49:52,738 - MainProcess(14216) - MainThread - adsk.dls.streamer.__main__ - INFO :: Setup SSL_CERT_FILE environment variable to C:\Users\Lenovo\AppData\Local\Temp\7zSAA20.tmp\certs.pem
2025-09-25 20:49:52,738 - MainProcess(14216) - MainThread - adsk.dls.streamer.__main__ - DEBUG :: Defining command line arguments
2025-09-25 20:49:52,740 - MainProcess(14216) - MainThread - adsk.dls.streamer.__main__ - DEBUG :: Overriding standard streams to capture output
2025-09-25 20:49:52,740 - MainProcess(14216) - MainThread - adsk.dls.streamer.__main__ - DEBUG :: Parsing command line arguments
2025-09-25 20:49:52,741 - MainProcess(14216) - MainThread - adsk.dls.streamer.__main__ - INFO :: Command-Line Argument Configuration:
Namespace(procfac=<function deploy_process at 0x000001C5F70BD080>, operation=<function multiple_operate at 0x000001C5F67A54E0>, app_id='73e72ada57b7480280f7a6f4a289729f', language='en', connection='https://dl.appstreaming.autodesk.com/production/', update_connection=None, stream='production', globalinstall=False, no_auto_launch=False, no_uninstall_registry=False, install_origin='Streamer', profile=False, threadscount=5, installlocation=None, ppid=-1, force_full=False, purge=False, cleanup=False, silent=False, launch_args='', pull_dest=None, loglevel=20, logfile=None, headless=False, pipes=None, quietmode=False, infofile=None, no_cleanup=False, cleancacheall=False, removeuserdata=False, removeusercred=False, deep_clean=False)
2025-09-25 20:49:52,741 - MainProcess(14216) - MainThread - adsk.dls.streamer.__main__ - INFO :: >>>>>>>> app id is 73e72ada57b7480280f7a6f4a289729f ---- stream is production ---- global install is False <<<<<<<<
2025-09-25 20:49:52,741 - MainProcess(14216) - MainThread - adsk.dls.streamer.__main__ - DEBUG :: Resetting the standard streams
2025-09-25 20:49:52,741 - MainProcess(14216) - MainThread - adsk.dls.streamer - INFO :: New logging level: 20
2025-09-25 20:49:52,741 - MainProcess(14216) - MainThread - adsk.dls.streamer.configuration - INFO :: Overriding Connection String: https://dl.appstreaming.autodesk.com/production/
2025-09-25 20:49:53,198 - MainProcess(14216) - InstallDriver - adsk.dls.streamer.process.process - INFO :: Start to run process: Deploy
2025-09-25 20:49:53,541 - MainProcess(14216) - InstallDriver - adsk.dls.streamer.configuration - INFO :: The PAC invoking process was enabled but the proxy is empty
2025-09-25 20:49:55,678 - MainProcess(14216) - InstallDriver - adsk.dls.streamer.registry - INFO :: Close registry connection.
2025-09-25 20:49:55,678 - MainProcess(14216) - InstallDriver - adsk.dls.streamer.process.process - ERROR :: The registry is locked at this moment. Please refer to detailed information: "This process failed because of another installer deploy in process"
2025-09-25 20:50:43,144 - MainProcess(30612) - ThreadPoolExecutor-1_2 - adsk.dls.streamer.process.process - INFO :: package installation complete
2025-09-25 20:50:43,149 - MainProcess(30612) - ThreadPoolExecutor-1_2 - adsk.dls.streamer.process.process - INFO :: Downloading archive from https://dl.appstreaming.autodesk.com/production/packages/2c28ceec98102d82f9b41ba60c69612b62ff5690.tar.xz for package 136903a728ebeecf4ac074b0451a524e556d8504
2025-09-25 20:50:43,228 - MainProcess(30612) - ThreadPoolExecutor-1_0 - adsk.dls.streamer.process.process - INFO :: Recording files in registry for cb316ce71452bba5c9c532718c24d5cbfae1d4ee
2025-09-25 20:50:43,235 - MainProcess(30612) - ThreadPoolExecutor-1_2 - adsk.dls.streamer.netlib - INFO :: ProxyServer: 
2025-09-25 20:50:43,242 - MainProcess(30612) - ThreadPoolExecutor-1_2 - adsk.dls.streamer.netlib - INFO :: Setup HTTPSHandler
2025-09-25 20:50:43,243 - MainProcess(30612) - ThreadPoolExecutor-1_2 - adsk.dls.streamer.netlib - INFO :: Setup AuthHandler
2025-09-25 20:50:43,422 - MainProcess(30612) - ThreadPoolExecutor-1_0 - adsk.dls.streamer.process.process - INFO :: Recording files in registry for 90f084e5118310aebf0ce1b1f255004168df30d3
2025-09-25 20:50:43,615 - MainProcess(30612) - ThreadPoolExecutor-1_0 - adsk.dls.streamer.process.process - INFO :: Recording files in registry for a748922e0be928761decc29994df08a5f409843d
2025-09-25 20:50:43,628 - MainProcess(30612) - ThreadPoolExecutor-1_0 - adsk.dls.streamer.process.process - INFO :: Recording files in registry for be442128e0e54826d920758837a02e85de1b9e14
2025-09-25 20:50:43,643 - MainProcess(30612) - ThreadPoolExecutor-1_0 - adsk.dls.streamer.process.process - INFO :: Recording files in registry for 8a8c82d18e7ef16a868f89c7dcd1c58e7ea22214
2025-09-25 20:50:43,652 - MainProcess(30612) - ThreadPoolExecutor-1_0 - adsk.dls.streamer.process.process - INFO :: Recording files in registry for 3d92e693836c175ea4ac9b266430b36fe94828da
2025-09-25 20:50:43,733 - MainProcess(30612) - ThreadPoolExecutor-1_0 - adsk.dls.streamer.process.process - INFO :: Recording files in registry for 3db95db630f475cc8524022533c7ed36ba965b57
2025-09-25 20:50:43,743 - MainProcess(30612) - ThreadPoolExecutor-1_0 - adsk.dls.streamer.process.process - INFO :: Recording files in registry for 3b40af466ca1f60807d87a14fc81e44c597132e4
2025-09-25 20:50:44,317 - MainProcess(30612) - ThreadPoolExecutor-1_2 - adsk.dls.streamer.process.process - INFO :: Extract path resolves to: \\?\C:\Users\Lenovo\AppData\Local\Autodesk\webdeploy\production\37a4fdb912fcb7645f48036186017c0cc6730354
2025-09-25 20:50:44,860 - MainProcess(30612) - ThreadPoolExecutor-1_2 - adsk.dls.streamer.process.process - INFO :: package installation complete
2025-09-25 20:50:44,861 - MainProcess(30612) - ThreadPoolExecutor-1_2 - adsk.dls.streamer.process.process - INFO :: Downloading archive from https://dl.appstreaming.autodesk.com/production/packages/c387a6e9ab6603a893b39811d6c7e897c8dcc2b6.tar.xz for package b1e9956e8240311afc0313e36c3e2b25417541d3
2025-09-25 20:50:44,957 - MainProcess(30612) - ThreadPoolExecutor-1_2 - adsk.dls.streamer.netlib - INFO :: ProxyServer: 
2025-09-25 20:50:44,959 - MainProcess(30612) - ThreadPoolExecutor-1_2 - adsk.dls.streamer.netlib - INFO :: Setup HTTPSHandler
2025-09-25 20:50:44,964 - MainProcess(30612) - ThreadPoolExecutor-1_2 - adsk.dls.streamer.netlib - INFO :: Setup AuthHandler
2025-09-25 20:50:45,319 - MainProcess(30612) - ThreadPoolExecutor-1_2 - adsk.dls.streamer.process.process - INFO :: Extract path resolves to: \\?\C:\Users\Lenovo\AppData\Local\Autodesk\webdeploy\production\37a4fdb912fcb7645f48036186017c0cc6730354
2025-09-25 20:51:22,868 - MainProcess(30612) - ThreadPoolExecutor-1_1 - adsk.dls.streamer.process.process - INFO :: package installation complete
2025-09-25 20:51:22,871 - MainProcess(30612) - ThreadPoolExecutor-1_1 - adsk.dls.streamer.process.process - INFO :: Downloading archive from https://dl.appstreaming.autodesk.com/production/packages/de6d0ffb84ee1b1988940324ee9dfd633f0980f7.tar.xz for package dad345c25d95c20bca8f716b6b45b153738cec25
2025-09-25 20:51:22,970 - MainProcess(30612) - ThreadPoolExecutor-1_1 - adsk.dls.streamer.netlib - INFO :: ProxyServer: 
2025-09-25 20:51:22,970 - MainProcess(30612) - ThreadPoolExecutor-1_1 - adsk.dls.streamer.netlib - INFO :: Setup HTTPSHandler
2025-09-25 20:51:22,970 - MainProcess(30612) - ThreadPoolExecutor-1_1 - adsk.dls.streamer.netlib - INFO :: Setup AuthHandler
2025-09-25 20:51:23,411 - MainProcess(30612) - ThreadPoolExecutor-1_1 - adsk.dls.streamer.process.process - INFO :: Extract path resolves to: \\?\C:\Users\Lenovo\AppData\Local\Autodesk\webdeploy\production\37a4fdb912fcb7645f48036186017c0cc6730354
2025-09-25 20:51:24,411 - MainProcess(30612) - ThreadPoolExecutor-1_1 - adsk.dls.streamer.process.process - INFO :: package installation complete
2025-09-25 20:51:24,412 - MainProcess(30612) - ThreadPoolExecutor-1_1 - adsk.dls.streamer.process.process - INFO :: Downloading archive from https://dl.appstreaming.autodesk.com/production/packages/6fd4becb570779ed8ed083f2f70d764bf59bb6bf.tar.xz for package 3a6c933984b98c8e640b0422e5f32547516ed3bb
2025-09-25 20:51:24,511 - MainProcess(30612) - ThreadPoolExecutor-1_1 - adsk.dls.streamer.netlib - INFO :: ProxyServer: 
2025-09-25 20:51:24,511 - MainProcess(30612) - ThreadPoolExecutor-1_1 - adsk.dls.streamer.netlib - INFO :: Setup HTTPSHandler
2025-09-25 20:51:24,511 - MainProcess(30612) - ThreadPoolExecutor-1_1 - adsk.dls.streamer.netlib - INFO :: Setup AuthHandler
2025-09-25 20:51:24,819 - MainProcess(30612) - ThreadPoolExecutor-1_1 - adsk.dls.streamer.process.process - INFO :: Extract path resolves to: \\?\C:\Users\Lenovo\AppData\Local\Autodesk\webdeploy\production\37a4fdb912fcb7645f48036186017c0cc6730354
2025-09-25 20:52:01,780 - MainProcess(30612) - ThreadPoolExecutor-1_1 - adsk.dls.streamer.process.process - INFO :: package installation complete
2025-09-25 20:52:01,787 - MainProcess(30612) - ThreadPoolExecutor-1_1 - adsk.dls.streamer.process.process - INFO :: Downloading archive from https://dl.appstreaming.autodesk.com/production/packages/c8a6b3a17d875b44bee5fbbb853c1b30f24b4e6a.tar.xz for package 7dc43a6eeb4074a0518765d95ace20ac88bf18c9
2025-09-25 20:52:01,870 - MainProcess(30612) - ThreadPoolExecutor-1_1 - adsk.dls.streamer.netlib - INFO :: ProxyServer: 
2025-09-25 20:52:01,870 - MainProcess(30612) - ThreadPoolExecutor-1_1 - adsk.dls.streamer.netlib - INFO :: Setup HTTPSHandler
2025-09-25 20:52:01,870 - MainProcess(30612) - ThreadPoolExecutor-1_1 - adsk.dls.streamer.netlib - INFO :: Setup AuthHandler
2025-09-25 20:52:02,769 - MainProcess(30612) - ThreadPoolExecutor-1_1 - adsk.dls.streamer.process.process - INFO :: Extract path resolves to: \\?\C:\Users\Lenovo\AppData\Local\Autodesk\webdeploy\production\37a4fdb912fcb7645f48036186017c0cc6730354
2025-09-25 20:52:26,524 - MainProcess(30612) - ThreadPoolExecutor-1_1 - adsk.dls.streamer.process.process - INFO :: package installation complete
2025-09-25 20:52:26,530 - MainProcess(30612) - ThreadPoolExecutor-1_1 - adsk.dls.streamer.process.process - INFO :: Downloading archive from https://dl.appstreaming.autodesk.com/production/packages/1acc4d49fd123e489102424ec1bd69ead64398ac.tar.xz for package 39b5c6419b37123801a5e298fa0770aff5cb280d
2025-09-25 20:52:26,624 - MainProcess(30612) - ThreadPoolExecutor-1_1 - adsk.dls.streamer.netlib - INFO :: ProxyServer: 
2025-09-25 20:52:26,624 - MainProcess(30612) - ThreadPoolExecutor-1_1 - adsk.dls.streamer.netlib - INFO :: Setup HTTPSHandler
2025-09-25 20:52:26,624 - MainProcess(30612) - ThreadPoolExecutor-1_1 - adsk.dls.streamer.netlib - INFO :: Setup AuthHandler
2025-09-25 20:52:27,050 - MainProcess(30612) - ThreadPoolExecutor-1_1 - adsk.dls.streamer.process.process - INFO :: Extract path resolves to: \\?\C:\Users\Lenovo\AppData\Local\Autodesk\webdeploy\production\37a4fdb912fcb7645f48036186017c0cc6730354
2025-09-25 20:53:13,802 - MainProcess(30612) - ThreadPoolExecutor-1_2 - adsk.dls.streamer.process.process - INFO :: package installation complete
2025-09-25 20:53:13,818 - MainProcess(30612) - ThreadPoolExecutor-1_2 - adsk.dls.streamer.process.process - INFO :: Downloading archive from https://dl.appstreaming.autodesk.com/production/packages/141f2b6ce3f77f148ec63383aadf5f0e93d7c3cf.tar.xz for package fc7240b8db22c07e1d186dd9c19f353e9107b417
2025-09-25 20:53:14,029 - MainProcess(30612) - ThreadPoolExecutor-1_2 - adsk.dls.streamer.netlib - INFO :: ProxyServer: 
2025-09-25 20:53:14,032 - MainProcess(30612) - ThreadPoolExecutor-1_2 - adsk.dls.streamer.netlib - INFO :: Setup HTTPSHandler
2025-09-25 20:53:14,032 - MainProcess(30612) - ThreadPoolExecutor-1_2 - adsk.dls.streamer.netlib - INFO :: Setup AuthHandler
2025-09-25 20:53:16,072 - MainProcess(30612) - ThreadPoolExecutor-1_2 - adsk.dls.streamer.process.process - INFO :: Extract path resolves to: \\?\C:\Users\Lenovo\AppData\Local\Autodesk\webdeploy\production\37a4fdb912fcb7645f48036186017c0cc6730354
2025-09-25 20:53:29,011 - MainProcess(30612) - ThreadPoolExecutor-1_2 - adsk.dls.streamer.process.process - INFO :: package installation complete
2025-09-25 20:53:29,014 - MainProcess(30612) - ThreadPoolExecutor-1_2 - adsk.dls.streamer.process.process - INFO :: Downloading archive from https://dl.appstreaming.autodesk.com/production/packages/323534b8266ec9ad132593e81e80de5fa478165f.tar.xz for package fb8c9811d070eaf06e9eb97820d0f23af14a91fb
2025-09-25 20:53:29,132 - MainProcess(30612) - ThreadPoolExecutor-1_2 - adsk.dls.streamer.netlib - INFO :: ProxyServer: 
2025-09-25 20:53:29,133 - MainProcess(30612) - ThreadPoolExecutor-1_2 - adsk.dls.streamer.netlib - INFO :: Setup HTTPSHandler
2025-09-25 20:53:29,133 - MainProcess(30612) - ThreadPoolExecutor-1_2 - adsk.dls.streamer.netlib - INFO :: Setup AuthHandler
2025-09-25 20:53:30,976 - MainProcess(30612) - ThreadPoolExecutor-1_2 - adsk.dls.streamer.process.process - INFO :: Extract path resolves to: \\?\C:\Users\Lenovo\AppData\Local\Autodesk\webdeploy\production\37a4fdb912fcb7645f48036186017c0cc6730354
2025-09-25 20:53:42,059 - MainProcess(30612) - ThreadPoolExecutor-1_2 - adsk.dls.streamer.process.process - INFO :: package installation complete
2025-09-25 20:53:42,060 - MainProcess(30612) - ThreadPoolExecutor-1_2 - adsk.dls.streamer.process.process - INFO :: Downloading archive from https://dl.appstreaming.autodesk.com/production/packages/6bf92cbe5eef980c01fde939f78677b973f1944f.tar.xz for package fb8c9811d070eaf06e9eb97820d0f23af14a91fb
2025-09-25 20:53:42,216 - MainProcess(30612) - ThreadPoolExecutor-1_2 - adsk.dls.streamer.netlib - INFO :: ProxyServer: 
2025-09-25 20:53:42,216 - MainProcess(30612) - ThreadPoolExecutor-1_2 - adsk.dls.streamer.netlib - INFO :: Setup HTTPSHandler
2025-09-25 20:53:42,216 - MainProcess(30612) - ThreadPoolExecutor-1_2 - adsk.dls.streamer.netlib - INFO :: Setup AuthHandler
2025-09-25 20:53:42,868 - MainProcess(30612) - ThreadPoolExecutor-1_2 - adsk.dls.streamer.process.process - INFO :: Extract path resolves to: \\?\C:\Users\Lenovo\AppData\Local\Autodesk\webdeploy\production\37a4fdb912fcb7645f48036186017c0cc6730354
2025-09-25 20:53:43,099 - MainProcess(30612) - ThreadPoolExecutor-1_2 - adsk.dls.streamer.process.process - INFO :: package installation complete
2025-09-25 20:53:43,100 - MainProcess(30612) - ThreadPoolExecutor-1_2 - adsk.dls.streamer.process.process - INFO :: Downloading archive from https://dl.appstreaming.autodesk.com/production/packages/cd398d360d746179da04a19fe608256034f75a64.tar.xz for package cd398d360d746179da04a19fe608256034f75a64
2025-09-25 20:53:43,248 - MainProcess(30612) - ThreadPoolExecutor-1_2 - adsk.dls.streamer.netlib - INFO :: ProxyServer: 
2025-09-25 20:53:43,250 - MainProcess(30612) - ThreadPoolExecutor-1_2 - adsk.dls.streamer.netlib - INFO :: Setup HTTPSHandler
2025-09-25 20:53:43,250 - MainProcess(30612) - ThreadPoolExecutor-1_2 - adsk.dls.streamer.netlib - INFO :: Setup AuthHandler
2025-09-25 20:53:44,542 - MainProcess(30612) - ThreadPoolExecutor-1_2 - adsk.dls.streamer.process.process - INFO :: Extract path resolves to: \\?\C:\Users\Lenovo\AppData\Local\Autodesk\webdeploy\production\6a0c9611291d45bb9226980209917c3d
2025-09-25 20:53:44,544 - MainProcess(30612) - ThreadPoolExecutor-1_2 - adsk.dls.streamer.process.process - INFO :: Extract path does not exist. Creating
2025-09-25 20:53:44,978 - MainProcess(30612) - ThreadPoolExecutor-1_2 - adsk.dls.streamer.process.process - INFO :: package installation complete
2025-09-25 20:53:44,978 - MainProcess(30612) - ThreadPoolExecutor-1_2 - adsk.dls.streamer.process.process - INFO :: Downloading archive from https://dl.appstreaming.autodesk.com/production/packages/69529dbe20788389fbdf50a03173f1f46818fe7d.tar.xz for package 44b98f9863f8de70e4da279ef2810b286c8f151b
2025-09-25 20:53:45,070 - MainProcess(30612) - ThreadPoolExecutor-1_2 - adsk.dls.streamer.netlib - INFO :: ProxyServer: 
2025-09-25 20:53:45,070 - MainProcess(30612) - ThreadPoolExecutor-1_2 - adsk.dls.streamer.netlib - INFO :: Setup HTTPSHandler
2025-09-25 20:53:45,070 - MainProcess(30612) - ThreadPoolExecutor-1_2 - adsk.dls.streamer.netlib - INFO :: Setup AuthHandler
2025-09-25 20:53:45,890 - MainProcess(30612) - ThreadPoolExecutor-1_2 - adsk.dls.streamer.process.process - INFO :: Extract path resolves to: \\?\C:\Users\Lenovo\AppData\Local\Autodesk\webdeploy\production\37a4fdb912fcb7645f48036186017c0cc6730354
2025-09-25 20:53:50,152 - MainProcess(30612) - ThreadPoolExecutor-1_2 - adsk.dls.streamer.process.process - INFO :: package installation complete
2025-09-25 20:53:50,156 - MainProcess(30612) - ThreadPoolExecutor-1_2 - adsk.dls.streamer.process.process - INFO :: Downloading archive from https://dl.appstreaming.autodesk.com/production/packages/1ef2a017081dc9850045636b52957b9b012aa8a7.tar.xz for package 1841f7b196891fe52a4b8db0919f2a18c076f39a
2025-09-25 20:53:50,258 - MainProcess(30612) - ThreadPoolExecutor-1_2 - adsk.dls.streamer.netlib - INFO :: ProxyServer: 
2025-09-25 20:53:50,258 - MainProcess(30612) - ThreadPoolExecutor-1_2 - adsk.dls.streamer.netlib - INFO :: Setup HTTPSHandler
2025-09-25 20:53:50,258 - MainProcess(30612) - ThreadPoolExecutor-1_2 - adsk.dls.streamer.netlib - INFO :: Setup AuthHandler
2025-09-25 20:53:50,717 - MainProcess(30612) - ThreadPoolExecutor-1_2 - adsk.dls.streamer.process.process - INFO :: Extract path resolves to: \\?\C:\Users\Lenovo\AppData\Local\Autodesk\webdeploy\production\37a4fdb912fcb7645f48036186017c0cc6730354
2025-09-25 20:53:53,906 - MainProcess(30612) - ThreadPoolExecutor-1_2 - adsk.dls.streamer.process.process - INFO :: package installation complete
2025-09-25 20:53:53,906 - MainProcess(30612) - ThreadPoolExecutor-1_2 - adsk.dls.streamer.process.process - INFO :: Downloading archive from https://dl.appstreaming.autodesk.com/production/packages/b4ca5c76d34f23e982731675443639062c057a83.tar.xz for package e08f00d286372d00ad2956c30a50dc9e7bef8fba
2025-09-25 20:53:53,989 - MainProcess(30612) - ThreadPoolExecutor-1_2 - adsk.dls.streamer.netlib - INFO :: ProxyServer: 
2025-09-25 20:53:53,989 - MainProcess(30612) - ThreadPoolExecutor-1_2 - adsk.dls.streamer.netlib - INFO :: Setup HTTPSHandler
2025-09-25 20:53:53,989 - MainProcess(30612) - ThreadPoolExecutor-1_2 - adsk.dls.streamer.netlib - INFO :: Setup AuthHandler
2025-09-25 20:53:56,670 - MainProcess(30612) - ThreadPoolExecutor-1_2 - adsk.dls.streamer.process.process - INFO :: Extract path resolves to: \\?\C:\Users\Lenovo\AppData\Local\Autodesk\webdeploy\production\37a4fdb912fcb7645f48036186017c0cc6730354
2025-09-25 20:53:59,207 - MainProcess(30612) - ThreadPoolExecutor-1_2 - adsk.dls.streamer.process.process - INFO :: package installation complete
2025-09-25 20:53:59,207 - MainProcess(30612) - ThreadPoolExecutor-1_2 - adsk.dls.streamer.process.process - INFO :: Downloading archive from https://dl.appstreaming.autodesk.com/production/packages/ff5dc347626f98a805e94a4597c0dca72683b761.tar.xz for package 1edd248f0475a89ebcb6e65c6911e73fddf09091
2025-09-25 20:53:59,308 - MainProcess(30612) - ThreadPoolExecutor-1_2 - adsk.dls.streamer.netlib - INFO :: ProxyServer: 
2025-09-25 20:53:59,308 - MainProcess(30612) - ThreadPoolExecutor-1_2 - adsk.dls.streamer.netlib - INFO :: Setup HTTPSHandler
2025-09-25 20:53:59,308 - MainProcess(30612) - ThreadPoolExecutor-1_2 - adsk.dls.streamer.netlib - INFO :: Setup AuthHandler
2025-09-25 20:53:59,777 - MainProcess(30612) - ThreadPoolExecutor-1_2 - adsk.dls.streamer.process.process - INFO :: Extract path resolves to: \\?\C:\Users\Lenovo\AppData\Local\Autodesk\webdeploy\production\37a4fdb912fcb7645f48036186017c0cc6730354
2025-09-25 20:54:20,059 - MainProcess(30612) - ThreadPoolExecutor-1_2 - adsk.dls.streamer.process.process - INFO :: package installation complete
2025-09-25 20:54:20,066 - MainProcess(30612) - ThreadPoolExecutor-1_2 - adsk.dls.streamer.process.process - INFO :: Downloading archive from https://dl.appstreaming.autodesk.com/production/packages/454263489165f8c7a1ad2fbde235bd414ce59bb6.tar.xz for package 1edd248f0475a89ebcb6e65c6911e73fddf09091
2025-09-25 20:54:20,225 - MainProcess(30612) - ThreadPoolExecutor-1_2 - adsk.dls.streamer.netlib - INFO :: ProxyServer: 
2025-09-25 20:54:20,225 - MainProcess(30612) - ThreadPoolExecutor-1_2 - adsk.dls.streamer.netlib - INFO :: Setup HTTPSHandler
2025-09-25 20:54:20,225 - MainProcess(30612) - ThreadPoolExecutor-1_2 - adsk.dls.streamer.netlib - INFO :: Setup AuthHandler
2025-09-25 20:54:21,352 - MainProcess(30612) - ThreadPoolExecutor-1_2 - adsk.dls.streamer.process.process - INFO :: Extract path resolves to: \\?\C:\Users\Lenovo\AppData\Local\Autodesk\webdeploy\production\37a4fdb912fcb7645f48036186017c0cc6730354
2025-09-25 20:54:23,894 - MainProcess(30612) - ThreadPoolExecutor-1_2 - adsk.dls.streamer.process.process - INFO :: package installation complete
2025-09-25 20:54:23,895 - MainProcess(30612) - ThreadPoolExecutor-1_2 - adsk.dls.streamer.process.process - INFO :: Downloading archive from https://dl.appstreaming.autodesk.com/production/packages/3dabc5ab67be7b290676857180aa67f512596984.tar.xz for package 64d5d4e36ecb3d9d4ba9b7d1178e4b1f5600db1e
2025-09-25 20:54:24,041 - MainProcess(30612) - ThreadPoolExecutor-1_2 - adsk.dls.streamer.netlib - INFO :: ProxyServer: 
2025-09-25 20:54:24,041 - MainProcess(30612) - ThreadPoolExecutor-1_2 - adsk.dls.streamer.netlib - INFO :: Setup HTTPSHandler
2025-09-25 20:54:24,041 - MainProcess(30612) - ThreadPoolExecutor-1_2 - adsk.dls.streamer.netlib - INFO :: Setup AuthHandler
2025-09-25 20:54:24,836 - MainProcess(30612) - ThreadPoolExecutor-1_2 - adsk.dls.streamer.process.process - INFO :: Extract path resolves to: \\?\C:\Users\Lenovo\AppData\Local\Autodesk\webdeploy\production\37a4fdb912fcb7645f48036186017c0cc6730354
2025-09-25 20:54:28,645 - MainProcess(30612) - ThreadPoolExecutor-1_4 - adsk.dls.streamer.process.process - INFO :: package installation complete
2025-09-25 20:54:28,656 - MainProcess(30612) - ThreadPoolExecutor-1_4 - adsk.dls.streamer.process.process - INFO :: Downloading archive from https://dl.appstreaming.autodesk.com/production/packages/631e92a6b9ba436a2ea060a876f3284c648ffddd.tar.xz for package 05d5aa8bb4fc73a6ed17526bce8706fb5cffc00d
2025-09-25 20:54:28,814 - MainProcess(30612) - ThreadPoolExecutor-1_4 - adsk.dls.streamer.netlib - INFO :: ProxyServer: 
2025-09-25 20:54:28,814 - MainProcess(30612) - ThreadPoolExecutor-1_4 - adsk.dls.streamer.netlib - INFO :: Setup HTTPSHandler
2025-09-25 20:54:28,815 - MainProcess(30612) - ThreadPoolExecutor-1_4 - adsk.dls.streamer.netlib - INFO :: Setup AuthHandler
2025-09-25 20:54:31,041 - MainProcess(30612) - ThreadPoolExecutor-1_4 - adsk.dls.streamer.process.process - INFO :: Extract path resolves to: \\?\C:\Users\Lenovo\AppData\Local\Autodesk\webdeploy\production\37a4fdb912fcb7645f48036186017c0cc6730354
2025-09-25 20:54:32,114 - MainProcess(30612) - ThreadPoolExecutor-1_4 - adsk.dls.streamer.process.process - INFO :: package installation complete
2025-09-25 20:54:32,115 - MainProcess(30612) - ThreadPoolExecutor-1_4 - adsk.dls.streamer.process.process - INFO :: Downloading archive from https://dl.appstreaming.autodesk.com/production/packages/f8bdc7f00335d60ec3338111c4cc4614a6e3e531.tar.xz for package 58402b7d923228cc33aaf17a39d362bd0bb4e8ed
2025-09-25 20:54:32,265 - MainProcess(30612) - ThreadPoolExecutor-1_4 - adsk.dls.streamer.netlib - INFO :: ProxyServer: 
2025-09-25 20:54:32,265 - MainProcess(30612) - ThreadPoolExecutor-1_4 - adsk.dls.streamer.netlib - INFO :: Setup HTTPSHandler
2025-09-25 20:54:32,265 - MainProcess(30612) - ThreadPoolExecutor-1_4 - adsk.dls.streamer.netlib - INFO :: Setup AuthHandler
2025-09-25 20:54:34,504 - MainProcess(30612) - ThreadPoolExecutor-1_4 - adsk.dls.streamer.process.process - INFO :: Extract path resolves to: \\?\C:\Users\Lenovo\AppData\Local\Autodesk\webdeploy\production\37a4fdb912fcb7645f48036186017c0cc6730354
2025-09-25 20:55:04,976 - MainProcess(30612) - ThreadPoolExecutor-1_4 - adsk.dls.streamer.process.process - INFO :: package installation complete
2025-09-25 20:55:04,986 - MainProcess(30612) - ThreadPoolExecutor-1_4 - adsk.dls.streamer.process.process - INFO :: Downloading archive from https://dl.appstreaming.autodesk.com/production/packages/478ef26e8075ddad7a9775ae2ce835082af31db7.tar.xz for package 58402b7d923228cc33aaf17a39d362bd0bb4e8ed
2025-09-25 20:55:05,135 - MainProcess(30612) - ThreadPoolExecutor-1_4 - adsk.dls.streamer.netlib - INFO :: ProxyServer: 
2025-09-25 20:55:05,135 - MainProcess(30612) - ThreadPoolExecutor-1_4 - adsk.dls.streamer.netlib - INFO :: Setup HTTPSHandler
2025-09-25 20:55:05,135 - MainProcess(30612) - ThreadPoolExecutor-1_4 - adsk.dls.streamer.netlib - INFO :: Setup AuthHandler
2025-09-25 20:55:06,352 - MainProcess(30612) - ThreadPoolExecutor-1_4 - adsk.dls.streamer.process.process - INFO :: Extract path resolves to: \\?\C:\Users\Lenovo\AppData\Local\Autodesk\webdeploy\production\37a4fdb912fcb7645f48036186017c0cc6730354
2025-09-25 20:55:07,325 - MainProcess(30612) - ThreadPoolExecutor-1_4 - adsk.dls.streamer.process.process - INFO :: package installation complete
2025-09-25 20:55:07,326 - MainProcess(30612) - ThreadPoolExecutor-1_4 - adsk.dls.streamer.process.process - INFO :: Downloading archive from https://dl.appstreaming.autodesk.com/production/packages/02570b0851baee7fabda6426d9a5d9ba5a6f58f8.tar.xz for package 2b1b263856718b387dcbe2dc2b87e332f411186f
2025-09-25 20:55:07,471 - MainProcess(30612) - ThreadPoolExecutor-1_4 - adsk.dls.streamer.netlib - INFO :: ProxyServer: 
2025-09-25 20:55:07,471 - MainProcess(30612) - ThreadPoolExecutor-1_4 - adsk.dls.streamer.netlib - INFO :: Setup HTTPSHandler
2025-09-25 20:55:07,472 - MainProcess(30612) - ThreadPoolExecutor-1_4 - adsk.dls.streamer.netlib - INFO :: Setup AuthHandler
2025-09-25 20:55:07,771 - MainProcess(30612) - ThreadPoolExecutor-1_4 - adsk.dls.streamer.process.process - INFO :: Extract path resolves to: \\?\C:\Users\Lenovo\AppData\Local\Autodesk\webdeploy\production\37a4fdb912fcb7645f48036186017c0cc6730354
2025-09-25 20:55:08,178 - MainProcess(30612) - ThreadPoolExecutor-1_4 - adsk.dls.streamer.process.process - INFO :: package installation complete
2025-09-25 20:55:08,178 - MainProcess(30612) - ThreadPoolExecutor-1_4 - adsk.dls.streamer.process.process - INFO :: Downloading archive from https://dl.appstreaming.autodesk.com/production/packages/dcd22ce9dda8091ea61f4ae92c463fd95479943a.tar.xz for package 3b9382c2ac1a6be1f40dd110954648d878b3945f
2025-09-25 20:55:08,312 - MainProcess(30612) - ThreadPoolExecutor-1_4 - adsk.dls.streamer.netlib - INFO :: ProxyServer: 
2025-09-25 20:55:08,312 - MainProcess(30612) - ThreadPoolExecutor-1_4 - adsk.dls.streamer.netlib - INFO :: Setup HTTPSHandler
2025-09-25 20:55:08,312 - MainProcess(30612) - ThreadPoolExecutor-1_4 - adsk.dls.streamer.netlib - INFO :: Setup AuthHandler
2025-09-25 20:55:08,860 - MainProcess(30612) - ThreadPoolExecutor-1_4 - adsk.dls.streamer.process.process - INFO :: Extract path resolves to: \\?\C:\Users\Lenovo\AppData\Local\Autodesk\webdeploy\production\37a4fdb912fcb7645f48036186017c0cc6730354
2025-09-25 20:55:09,531 - MainProcess(30612) - ThreadPoolExecutor-1_4 - adsk.dls.streamer.process.process - INFO :: package installation complete
2025-09-25 20:55:09,532 - MainProcess(30612) - ThreadPoolExecutor-1_4 - adsk.dls.streamer.process.process - INFO :: Downloading archive from https://dl.appstreaming.autodesk.com/production/packages/df6204a4f263c595449313b5d0235e1fab2ebafc.tar.xz for package c7257c412bb2ea448a3442fb22aceeb79639acbc
2025-09-25 20:55:09,720 - MainProcess(30612) - ThreadPoolExecutor-1_4 - adsk.dls.streamer.netlib - INFO :: ProxyServer: 
2025-09-25 20:55:09,721 - MainProcess(30612) - ThreadPoolExecutor-1_4 - adsk.dls.streamer.netlib - INFO :: Setup HTTPSHandler
2025-09-25 20:55:09,721 - MainProcess(30612) - ThreadPoolExecutor-1_4 - adsk.dls.streamer.netlib - INFO :: Setup AuthHandler
2025-09-25 20:55:10,676 - MainProcess(30612) - ThreadPoolExecutor-1_4 - adsk.dls.streamer.process.process - INFO :: Extract path resolves to: \\?\C:\Users\Lenovo\AppData\Local\Autodesk\webdeploy\production\37a4fdb912fcb7645f48036186017c0cc6730354
2025-09-25 20:56:42,733 - MainProcess(30612) - ThreadPoolExecutor-1_3 - adsk.dls.streamer.process.process - INFO :: package installation complete
2025-09-25 20:56:42,743 - MainProcess(30612) - ThreadPoolExecutor-1_3 - adsk.dls.streamer.process.process - INFO :: Downloading archive from https://dl.appstreaming.autodesk.com/production/packages/5f1785c8cdc5377d67e7bd0317f2518f0285fb9f.tar.xz for package c7257c412bb2ea448a3442fb22aceeb79639acbc
2025-09-25 20:56:42,743 - MainProcess(30612) - ThreadPoolExecutor-1_0 - adsk.dls.streamer.process.process - INFO :: Begin perform postdeploy tasks for package 8721252418036f7ab7952c426ee3b44bb3158921
2025-09-25 20:56:42,743 - MainProcess(30612) - ThreadPoolExecutor-1_0 - adsk.dls.streamer.process.process - INFO :: Executing special action 7facf0de95414ab9b6315d8fa534bf91(INSTALL_WEBVIEW2)
2025-09-25 20:56:42,848 - MainProcess(30612) - ThreadPoolExecutor-1_0 - adsk.dls.streamer.windows.platform - INFO :: Detecting if WebView2 needs to be installed
2025-09-25 20:56:42,849 - MainProcess(30612) - ThreadPoolExecutor-1_0 - adsk.dls.streamer.windows.platform - INFO :: WebView2 found in Local Machine
2025-09-25 20:56:42,851 - MainProcess(30612) - ThreadPoolExecutor-1_0 - adsk.dls.streamer.process.process - INFO :: Executing special action a92c95fa064f43089136f50437f73d22(UPDATE_IDSDK_CONFIG)
2025-09-25 20:56:42,851 - MainProcess(30612) - ThreadPoolExecutor-1_0 - adsk.dls.streamer.platform_base - INFO :: Update config ssoServer property
2025-09-25 20:56:42,853 - MainProcess(30612) - ThreadPoolExecutor-1_0 - adsk.dls.streamer.platform_base - INFO :: Found Configuration file : C:/Users/Lenovo/AppData/Local/Autodesk/webdeploy/production/37a4fdb912fcb7645f48036186017c0cc6730354/Autodesk Identity Manager/AdskIdentityManagerInstall.config
2025-09-25 20:56:42,912 - MainProcess(30612) - ThreadPoolExecutor-1_0 - adsk.dls.streamer.platform_base - INFO :: Configuration updated successfully
2025-09-25 20:56:42,912 - MainProcess(30612) - ThreadPoolExecutor-1_0 - adsk.dls.streamer.process.process - INFO :: Complete perform postdeploy tasks for package 8721252418036f7ab7952c426ee3b44bb3158921
2025-09-25 20:56:42,918 - MainProcess(30612) - ThreadPoolExecutor-1_0 - adsk.dls.streamer.process.process - INFO :: Recording files in registry for 8721252418036f7ab7952c426ee3b44bb3158921
2025-09-25 20:56:43,016 - MainProcess(30612) - ThreadPoolExecutor-1_3 - adsk.dls.streamer.netlib - INFO :: ProxyServer: 
2025-09-25 20:56:43,016 - MainProcess(30612) - ThreadPoolExecutor-1_3 - adsk.dls.streamer.netlib - INFO :: Setup HTTPSHandler
2025-09-25 20:56:43,016 - MainProcess(30612) - ThreadPoolExecutor-1_3 - adsk.dls.streamer.netlib - INFO :: Setup AuthHandler
2025-09-25 20:56:43,144 - MainProcess(30612) - ThreadPoolExecutor-1_0 - adsk.dls.streamer.process.process - INFO :: Recording files in registry for 0894f13ed207450a7a7c80e41001f2734a2bdb1d
2025-09-25 20:56:43,231 - MainProcess(30612) - ThreadPoolExecutor-1_0 - adsk.dls.streamer.process.process - INFO :: Recording files in registry for e0922610c9a0e2089a3ebac48e00a7bf1cc5a168
2025-09-25 20:56:43,277 - MainProcess(30612) - ThreadPoolExecutor-1_0 - adsk.dls.streamer.process.process - INFO :: Recording files in registry for 6460bc869ffc082afd030d910af9258e418d0e8a
2025-09-25 20:56:43,308 - MainProcess(30612) - ThreadPoolExecutor-1_0 - adsk.dls.streamer.process.process - INFO :: Recording files in registry for f8965090d24a205331fb58c02af8f929bbe5e4c7
2025-09-25 20:56:43,331 - MainProcess(30612) - ThreadPoolExecutor-1_0 - adsk.dls.streamer.process.process - INFO :: Recording files in registry for f4ba0e6519a7be1c91c23b2c76c739f76b7f051f
2025-09-25 20:56:43,361 - MainProcess(30612) - ThreadPoolExecutor-1_0 - adsk.dls.streamer.process.process - INFO :: Begin perform postdeploy tasks for package 900430e92d959c417cc8743c00644da8cf5a4e08
2025-09-25 20:56:43,361 - MainProcess(30612) - ThreadPoolExecutor-1_0 - adsk.dls.streamer.process.process - INFO :: Executing special action 3af6a9fa26704d868bb90e12b3aed9be(EXTERNAL_INSTALLS)
2025-09-25 20:56:43,362 - MainProcess(30612) - ThreadPoolExecutor-1_0 - adsk.dls.streamer.process.process - INFO :: Executing special action 5c461fa5ff6ec38afa078cf537137159(ADD_REGISTRY_INFO)
2025-09-25 20:56:44,315 - MainProcess(30612) - ThreadPoolExecutor-1_3 - adsk.dls.streamer.process.process - INFO :: Extract path resolves to: \\?\C:\Users\Lenovo\AppData\Local\Autodesk\webdeploy\production\37a4fdb912fcb7645f48036186017c0cc6730354
2025-09-25 20:56:44,943 - MainProcess(30612) - ThreadPoolExecutor-1_0 - adsk.dls.streamer.windows.platform - WARNING :: Could not export subkey: Command '['C:\\WINDOWS\\System32\\reg.exe', 'export', 'HKCU\\Software\\Classes\\CLSID\\{C4F0910E-E0B4-4E68-8086-452730C7A26A}', 'C:\\Users\\Lenovo\\AppData\\Local\\Temp\\tmp807dakvq', '/y']' returned non-zero exit status 1.
2025-09-25 20:56:45,265 - MainProcess(30612) - ThreadPoolExecutor-1_3 - adsk.dls.streamer.process.process - INFO :: package installation complete
2025-09-25 20:56:45,266 - MainProcess(30612) - ThreadPoolExecutor-1_3 - adsk.dls.streamer.process.process - INFO :: Downloading archive from https://dl.appstreaming.autodesk.com/production/packages/ed4a8f0265c58b1423e806ef3ce3a5273a8cb70c.tar.xz for package 9a3111fa574bdd229a5f8b78597da69cc42ca428
2025-09-25 20:56:45,422 - MainProcess(30612) - ThreadPoolExecutor-1_3 - adsk.dls.streamer.netlib - INFO :: ProxyServer: 
2025-09-25 20:56:45,422 - MainProcess(30612) - ThreadPoolExecutor-1_3 - adsk.dls.streamer.netlib - INFO :: Setup HTTPSHandler
2025-09-25 20:56:45,424 - MainProcess(30612) - ThreadPoolExecutor-1_3 - adsk.dls.streamer.netlib - INFO :: Setup AuthHandler
2025-09-25 20:56:46,406 - MainProcess(30612) - ThreadPoolExecutor-1_3 - adsk.dls.streamer.process.process - INFO :: Extract path resolves to: \\?\C:\Users\Lenovo\AppData\Local\Autodesk\webdeploy\production\37a4fdb912fcb7645f48036186017c0cc6730354
2025-09-25 20:56:46,692 - MainProcess(30612) - ThreadPoolExecutor-1_0 - adsk.dls.streamer.windows.platform - WARNING :: Could not export subkey: Command '['C:\\WINDOWS\\System32\\reg.exe', 'export', 'HKCU\\Software\\Classes\\.f3d', 'C:\\Users\\Lenovo\\AppData\\Local\\Temp\\tmpj57m6ora', '/y']' returned non-zero exit status 1.
2025-09-25 20:56:48,293 - MainProcess(30612) - ThreadPoolExecutor-1_0 - adsk.dls.streamer.windows.platform - WARNING :: Could not export subkey: Command '['C:\\WINDOWS\\System32\\reg.exe', 'export', 'HKCU\\Software\\Classes\\.f3z', 'C:\\Users\\Lenovo\\AppData\\Local\\Temp\\tmpatq6w3xs', '/y']' returned non-zero exit status 1.
2025-09-25 20:56:50,362 - MainProcess(30612) - ThreadPoolExecutor-1_0 - adsk.dls.streamer.windows.platform - WARNING :: Could not export subkey: Command '['C:\\WINDOWS\\System32\\reg.exe', 'export', 'HKCU\\Software\\Classes\\.f2d', 'C:\\Users\\Lenovo\\AppData\\Local\\Temp\\tmppgw5ccbk', '/y']' returned non-zero exit status 1.
2025-09-25 20:56:51,523 - MainProcess(30612) - ThreadPoolExecutor-1_0 - adsk.dls.streamer.windows.platform - WARNING :: Could not export subkey: Command '['C:\\WINDOWS\\System32\\reg.exe', 'export', 'HKCU\\Software\\Classes\\.f2t', 'C:\\Users\\Lenovo\\AppData\\Local\\Temp\\tmpwup8reko', '/y']' returned non-zero exit status 1.
2025-09-25 20:56:52,382 - MainProcess(30612) - ThreadPoolExecutor-1_0 - adsk.dls.streamer.windows.platform - WARNING :: Could not export subkey: Command '['C:\\WINDOWS\\System32\\reg.exe', 'export', 'HKCU\\Software\\Classes\\.flbr', 'C:\\Users\\Lenovo\\AppData\\Local\\Temp\\tmp1ef07i6u', '/y']' returned non-zero exit status 1.
2025-09-25 20:56:53,159 - MainProcess(30612) - ThreadPoolExecutor-1_3 - adsk.dls.streamer.process.process - INFO :: package installation complete
2025-09-25 20:56:53,167 - MainProcess(30612) - ThreadPoolExecutor-1_3 - adsk.dls.streamer.process.process - INFO :: Downloading archive from https://dl.appstreaming.autodesk.com/production/packages/98e137f2e4af9ffeb9e1665d3cb032546e4f6051.tar.xz for package 886dca0bffc9d971fb0bb24c16d6942206046d47
2025-09-25 20:56:53,386 - MainProcess(30612) - ThreadPoolExecutor-1_3 - adsk.dls.streamer.netlib - INFO :: ProxyServer: 
2025-09-25 20:56:53,386 - MainProcess(30612) - ThreadPoolExecutor-1_3 - adsk.dls.streamer.netlib - INFO :: Setup HTTPSHandler
2025-09-25 20:56:53,388 - MainProcess(30612) - ThreadPoolExecutor-1_3 - adsk.dls.streamer.netlib - INFO :: Setup AuthHandler
2025-09-25 20:56:53,430 - MainProcess(30612) - ThreadPoolExecutor-1_0 - adsk.dls.streamer.windows.platform - WARNING :: Could not export subkey: Command '['C:\\WINDOWS\\System32\\reg.exe', 'export', 'HKCU\\Software\\Classes\\.fsch', 'C:\\Users\\Lenovo\\AppData\\Local\\Temp\\tmp10mut6_9', '/y']' returned non-zero exit status 1.
2025-09-25 20:56:54,306 - MainProcess(30612) - ThreadPoolExecutor-1_0 - adsk.dls.streamer.windows.platform - WARNING :: Could not export subkey: Command '['C:\\WINDOWS\\System32\\reg.exe', 'export', 'HKCU\\Software\\Classes\\.fbrd', 'C:\\Users\\Lenovo\\AppData\\Local\\Temp\\tmp9un4jgge', '/y']' returned non-zero exit status 1.
2025-09-25 20:56:54,408 - MainProcess(30612) - ThreadPoolExecutor-1_3 - adsk.dls.streamer.process.process - INFO :: Extract path resolves to: \\?\C:\Users\Lenovo\AppData\Local\Autodesk\webdeploy\production\37a4fdb912fcb7645f48036186017c0cc6730354
2025-09-25 20:56:55,771 - MainProcess(30612) - ThreadPoolExecutor-1_0 - adsk.dls.streamer.process.process - INFO :: Executing special action 1f397ebf8d2a4ca9befc3072340f035e(FILESYSTEM_ACTIONS)
2025-09-25 20:56:55,773 - MainProcess(30612) - ThreadPoolExecutor-1_0 - adsk.dls.streamer.process.process - INFO :: Executing special action 31e0f47eabdd436bb829e0c65acf67ba(CREATE_PACKAGE_LINK)
2025-09-25 20:56:55,773 - MainProcess(30612) - ThreadPoolExecutor-1_0 - adsk.dls.streamer.process.process - WARNING :: Special action 36d909d4c5304fc2a6a47bbb9116f50e(REMOVE_STREAMING_SESSION) was not in registry
2025-09-25 20:56:55,773 - MainProcess(30612) - ThreadPoolExecutor-1_0 - adsk.dls.streamer.process.process - INFO :: Complete perform postdeploy tasks for package 900430e92d959c417cc8743c00644da8cf5a4e08
2025-09-25 20:56:55,774 - MainProcess(30612) - ThreadPoolExecutor-1_0 - adsk.dls.streamer.process.process - INFO :: Recording files in registry for 900430e92d959c417cc8743c00644da8cf5a4e08
2025-09-25 20:56:57,886 - MainProcess(30612) - ThreadPoolExecutor-1_0 - adsk.dls.streamer.process.process - INFO :: Begin perform postdeploy tasks for package 5817efeef7a8b108a9246da32dc8540b9e4e12ab
2025-09-25 20:56:57,887 - MainProcess(30612) - ThreadPoolExecutor-1_0 - adsk.dls.streamer.process.process - INFO :: Executing special action 1f397ebf8d2a4ca9befc3072340f035e(FILESYSTEM_ACTIONS)
2025-09-25 20:56:57,887 - MainProcess(30612) - ThreadPoolExecutor-1_0 - adsk.dls.streamer.process.process - INFO :: Executing special action 3af6a9fa26704d868bb90e12b3aed9be(EXTERNAL_INSTALLS)
2025-09-25 20:56:57,915 - MainProcess(30612) - ThreadPoolExecutor-1_0 - adsk.dls.streamer.platform_base - INFO :: Executing: "\\?\C:\Users\Lenovo\AppData\Local\Autodesk\webdeploy\production\37a4fdb912fcb7645f48036186017c0cc6730354\MaterialLibraryMigrator.exe" "migratecache" "C:\Users\Lenovo\AppData\Local\Autodesk\Common\Material Library"
2025-09-25 20:57:02,973 - MainProcess(30612) - ThreadPoolExecutor-1_3 - adsk.dls.streamer.process.process - INFO :: package installation complete
2025-09-25 20:57:02,975 - MainProcess(30612) - ThreadPoolExecutor-1_3 - adsk.dls.streamer.process.process - INFO :: Downloading archive from https://dl.appstreaming.autodesk.com/production/packages/8343ef07ecf18ed112ab2ca0e3981f4b24334a8a.tar.xz for package 886dca0bffc9d971fb0bb24c16d6942206046d47
2025-09-25 20:57:03,183 - MainProcess(30612) - ThreadPoolExecutor-1_3 - adsk.dls.streamer.netlib - INFO :: ProxyServer: 
2025-09-25 20:57:03,183 - MainProcess(30612) - ThreadPoolExecutor-1_3 - adsk.dls.streamer.netlib - INFO :: Setup HTTPSHandler
2025-09-25 20:57:03,184 - MainProcess(30612) - ThreadPoolExecutor-1_3 - adsk.dls.streamer.netlib - INFO :: Setup AuthHandler
2025-09-25 20:57:03,998 - MainProcess(30612) - ThreadPoolExecutor-1_3 - adsk.dls.streamer.process.process - INFO :: Extract path resolves to: \\?\C:\Users\Lenovo\AppData\Local\Autodesk\webdeploy\production\37a4fdb912fcb7645f48036186017c0cc6730354
2025-09-25 20:57:04,711 - MainProcess(30612) - ThreadPoolExecutor-1_3 - adsk.dls.streamer.process.process - INFO :: package installation complete
2025-09-25 20:57:04,713 - MainProcess(30612) - ThreadPoolExecutor-1_3 - adsk.dls.streamer.process.process - INFO :: Downloading archive from https://dl.appstreaming.autodesk.com/production/packages/b55e377d3be9813609e064ac80b0b74687c59b6f.tar.xz for package d2f56f59de1be6be8a9ee5958311abbf4938e850
2025-09-25 20:57:05,019 - MainProcess(30612) - ThreadPoolExecutor-1_0 - adsk.dls.streamer.process.process - WARNING :: Special action c1d5a6c7dcbf4562b683600beeae3d5f(REMOVE_TEMP_MATERIAL_FOLDER) was not in registry
2025-09-25 20:57:05,019 - MainProcess(30612) - ThreadPoolExecutor-1_0 - adsk.dls.streamer.process.process - INFO :: Complete perform postdeploy tasks for package 5817efeef7a8b108a9246da32dc8540b9e4e12ab
2025-09-25 20:57:05,019 - MainProcess(30612) - ThreadPoolExecutor-1_0 - adsk.dls.streamer.process.process - INFO :: Recording files in registry for 5817efeef7a8b108a9246da32dc8540b9e4e12ab
2025-09-25 20:57:05,142 - MainProcess(30612) - ThreadPoolExecutor-1_3 - adsk.dls.streamer.netlib - INFO :: ProxyServer: 
2025-09-25 20:57:05,142 - MainProcess(30612) - ThreadPoolExecutor-1_3 - adsk.dls.streamer.netlib - INFO :: Setup HTTPSHandler
2025-09-25 20:57:05,142 - MainProcess(30612) - ThreadPoolExecutor-1_3 - adsk.dls.streamer.netlib - INFO :: Setup AuthHandler
2025-09-25 20:57:05,414 - MainProcess(30612) - ThreadPoolExecutor-1_0 - adsk.dls.streamer.process.process - INFO :: Recording files in registry for 136903a728ebeecf4ac074b0451a524e556d8504
2025-09-25 20:57:05,473 - MainProcess(30612) - ThreadPoolExecutor-1_0 - adsk.dls.streamer.process.process - INFO :: Recording files in registry for b1e9956e8240311afc0313e36c3e2b25417541d3
2025-09-25 20:57:06,754 - MainProcess(30612) - ThreadPoolExecutor-1_0 - adsk.dls.streamer.process.process - INFO :: Recording files in registry for dad345c25d95c20bca8f716b6b45b153738cec25
2025-09-25 20:57:06,791 - MainProcess(30612) - ThreadPoolExecutor-1_0 - adsk.dls.streamer.process.process - INFO :: Recording files in registry for 3a6c933984b98c8e640b0422e5f32547516ed3bb
2025-09-25 20:57:07,414 - MainProcess(30612) - ThreadPoolExecutor-1_3 - adsk.dls.streamer.process.process - INFO :: Extract path resolves to: \\?\C:\Users\Lenovo\AppData\Local\Autodesk\webdeploy\production\37a4fdb912fcb7645f48036186017c0cc6730354
2025-09-25 20:57:07,471 - MainProcess(30612) - ThreadPoolExecutor-1_0 - adsk.dls.streamer.process.process - INFO :: Recording files in registry for 7dc43a6eeb4074a0518765d95ace20ac88bf18c9
2025-09-25 20:57:12,531 - MainProcess(30612) - ThreadPoolExecutor-1_3 - adsk.dls.streamer.process.process - INFO :: package installation complete
2025-09-25 20:57:12,532 - MainProcess(30612) - ThreadPoolExecutor-1_3 - adsk.dls.streamer.process.process - INFO :: Downloading archive from https://dl.appstreaming.autodesk.com/production/packages/eebee6885b9d1822a1cae4eedfb3e109634291a7.tar.xz for package e2c85b48fb86328430d3e1d3dc89c58636496b45
2025-09-25 20:57:12,681 - MainProcess(30612) - ThreadPoolExecutor-1_3 - adsk.dls.streamer.netlib - INFO :: ProxyServer: 
2025-09-25 20:57:12,681 - MainProcess(30612) - ThreadPoolExecutor-1_3 - adsk.dls.streamer.netlib - INFO :: Setup HTTPSHandler
2025-09-25 20:57:12,681 - MainProcess(30612) - ThreadPoolExecutor-1_3 - adsk.dls.streamer.netlib - INFO :: Setup AuthHandler
2025-09-25 20:57:13,340 - MainProcess(30612) - ThreadPoolExecutor-1_3 - adsk.dls.streamer.process.process - INFO :: Extract path resolves to: \\?\C:\Users\Lenovo\AppData\Local\Autodesk\webdeploy\production\37a4fdb912fcb7645f48036186017c0cc6730354
2025-09-25 20:57:16,042 - MainProcess(30612) - ThreadPoolExecutor-1_3 - adsk.dls.streamer.process.process - INFO :: package installation complete
2025-09-25 20:57:16,043 - MainProcess(30612) - ThreadPoolExecutor-1_3 - adsk.dls.streamer.process.process - INFO :: Downloading archive from https://dl.appstreaming.autodesk.com/production/packages/ee791dfe96e62166bcb81289849abc770d1deb30.tar.xz for package caff8ebf3f13beb3664939d51b010522e99070a8
2025-09-25 20:57:16,206 - MainProcess(30612) - ThreadPoolExecutor-1_3 - adsk.dls.streamer.netlib - INFO :: ProxyServer: 
2025-09-25 20:57:16,216 - MainProcess(30612) - ThreadPoolExecutor-1_3 - adsk.dls.streamer.netlib - INFO :: Setup HTTPSHandler
2025-09-25 20:57:16,216 - MainProcess(30612) - ThreadPoolExecutor-1_3 - adsk.dls.streamer.netlib - INFO :: Setup AuthHandler
2025-09-25 20:57:17,086 - MainProcess(30612) - ThreadPoolExecutor-1_3 - adsk.dls.streamer.process.process - INFO :: Extract path resolves to: \\?\C:\Users\Lenovo\AppData\Local\Autodesk\webdeploy\production\37a4fdb912fcb7645f48036186017c0cc6730354
2025-09-25 20:57:17,817 - MainProcess(30612) - ThreadPoolExecutor-1_4 - adsk.dls.streamer.process.process - INFO :: package installation complete
2025-09-25 20:57:17,823 - MainProcess(30612) - ThreadPoolExecutor-1_4 - adsk.dls.streamer.process.process - INFO :: Downloading archive from https://dl.appstreaming.autodesk.com/production/packages/3739c0b00196bfa3d870a7e3be3178bbcaec5bc3.tar.xz for package 4cc4fc5ded8c153327bd927b362d2dcd1a6a8c0e
2025-09-25 20:57:17,984 - MainProcess(30612) - ThreadPoolExecutor-1_4 - adsk.dls.streamer.netlib - INFO :: ProxyServer: 
2025-09-25 20:57:17,984 - MainProcess(30612) - ThreadPoolExecutor-1_4 - adsk.dls.streamer.netlib - INFO :: Setup HTTPSHandler
2025-09-25 20:57:17,984 - MainProcess(30612) - ThreadPoolExecutor-1_4 - adsk.dls.streamer.netlib - INFO :: Setup AuthHandler
2025-09-25 20:57:21,073 - MainProcess(30612) - ThreadPoolExecutor-1_4 - adsk.dls.streamer.process.process - INFO :: Extract path resolves to: \\?\C:\Users\Lenovo\AppData\Local\Autodesk\webdeploy\production\37a4fdb912fcb7645f48036186017c0cc6730354
2025-09-25 20:57:25,429 - MainProcess(30612) - ThreadPoolExecutor-1_4 - adsk.dls.streamer.process.process - INFO :: package installation complete
2025-09-25 20:57:25,429 - MainProcess(30612) - ThreadPoolExecutor-1_4 - adsk.dls.streamer.process.process - INFO :: Downloading archive from https://dl.appstreaming.autodesk.com/production/packages/fad414cd71ee5b82b24e37c66f088912aec81c01.tar.xz for package 4cc4fc5ded8c153327bd927b362d2dcd1a6a8c0e
2025-09-25 20:57:25,569 - MainProcess(30612) - ThreadPoolExecutor-1_4 - adsk.dls.streamer.netlib - INFO :: ProxyServer: 
2025-09-25 20:57:25,570 - MainProcess(30612) - ThreadPoolExecutor-1_4 - adsk.dls.streamer.netlib - INFO :: Setup HTTPSHandler
2025-09-25 20:57:25,570 - MainProcess(30612) - ThreadPoolExecutor-1_4 - adsk.dls.streamer.netlib - INFO :: Setup AuthHandler
2025-09-25 20:57:27,960 - MainProcess(30612) - ThreadPoolExecutor-1_3 - adsk.dls.streamer.process.process - INFO :: package installation complete
2025-09-25 20:57:27,966 - MainProcess(30612) - ThreadPoolExecutor-1_3 - adsk.dls.streamer.process.process - INFO :: Downloading archive from https://dl.appstreaming.autodesk.com/production/packages/8e9e64cd53ecf0c7298898afd22f04bf51100e15.tar.xz for package 8a837175ed7576990067536aef3a3ef4f9b61fa8
2025-09-25 20:57:28,120 - MainProcess(30612) - ThreadPoolExecutor-1_4 - adsk.dls.streamer.process.process - INFO :: Extract path resolves to: \\?\C:\Users\Lenovo\AppData\Local\Autodesk\webdeploy\production\37a4fdb912fcb7645f48036186017c0cc6730354
2025-09-25 20:57:28,169 - MainProcess(30612) - ThreadPoolExecutor-1_3 - adsk.dls.streamer.netlib - INFO :: ProxyServer: 
2025-09-25 20:57:28,169 - MainProcess(30612) - ThreadPoolExecutor-1_3 - adsk.dls.streamer.netlib - INFO :: Setup HTTPSHandler
2025-09-25 20:57:28,169 - MainProcess(30612) - ThreadPoolExecutor-1_3 - adsk.dls.streamer.netlib - INFO :: Setup AuthHandler
2025-09-25 20:57:28,488 - MainProcess(30612) - ThreadPoolExecutor-1_4 - adsk.dls.streamer.process.process - INFO :: package installation complete
2025-09-25 20:57:28,488 - MainProcess(30612) - ThreadPoolExecutor-1_4 - adsk.dls.streamer.process.process - INFO :: Downloading archive from https://dl.appstreaming.autodesk.com/production/packages/1dc4f41f77d183c3a8b44f96c3d70aa338d05438.tar.xz for package 4b91141c503e6a4e1767e5e2c7994114615bc492
2025-09-25 20:57:28,658 - MainProcess(30612) - ThreadPoolExecutor-1_4 - adsk.dls.streamer.netlib - INFO :: ProxyServer: 
2025-09-25 20:57:28,658 - MainProcess(30612) - ThreadPoolExecutor-1_4 - adsk.dls.streamer.netlib - INFO :: Setup HTTPSHandler
2025-09-25 20:57:28,658 - MainProcess(30612) - ThreadPoolExecutor-1_4 - adsk.dls.streamer.netlib - INFO :: Setup AuthHandler
2025-09-25 20:57:28,863 - MainProcess(30612) - ThreadPoolExecutor-1_3 - adsk.dls.streamer.process.process - INFO :: Extract path resolves to: \\?\C:\Users\Lenovo\AppData\Local\Autodesk\webdeploy\production\37a4fdb912fcb7645f48036186017c0cc6730354
2025-09-25 20:57:28,918 - MainProcess(30612) - ThreadPoolExecutor-1_3 - adsk.dls.streamer.process.process - INFO :: package installation complete
2025-09-25 20:57:28,919 - MainProcess(30612) - ThreadPoolExecutor-1_3 - adsk.dls.streamer.process.process - INFO :: Downloading archive from https://dl.appstreaming.autodesk.com/production/packages/f366e9d320053b51b3258fb653c12e5efe21859d.tar.xz for package 4b91141c503e6a4e1767e5e2c7994114615bc492
2025-09-25 20:57:29,040 - MainProcess(30612) - ThreadPoolExecutor-1_4 - adsk.dls.streamer.process.process - INFO :: Extract path resolves to: \\?\C:\Users\Lenovo\AppData\Local\Autodesk\webdeploy\production\37a4fdb912fcb7645f48036186017c0cc6730354
2025-09-25 20:57:29,075 - MainProcess(30612) - ThreadPoolExecutor-1_3 - adsk.dls.streamer.netlib - INFO :: ProxyServer: 
2025-09-25 20:57:29,076 - MainProcess(30612) - ThreadPoolExecutor-1_3 - adsk.dls.streamer.netlib - INFO :: Setup HTTPSHandler
2025-09-25 20:57:29,076 - MainProcess(30612) - ThreadPoolExecutor-1_3 - adsk.dls.streamer.netlib - INFO :: Setup AuthHandler
2025-09-25 20:57:29,690 - MainProcess(30612) - ThreadPoolExecutor-1_3 - adsk.dls.streamer.process.process - INFO :: Extract path resolves to: \\?\C:\Users\Lenovo\AppData\Local\Autodesk\webdeploy\production\37a4fdb912fcb7645f48036186017c0cc6730354
2025-09-25 20:57:41,876 - MainProcess(30612) - ThreadPoolExecutor-1_3 - adsk.dls.streamer.process.process - INFO :: package installation complete
2025-09-25 20:57:45,553 - MainProcess(30612) - ThreadPoolExecutor-1_4 - adsk.dls.streamer.process.process - INFO :: package installation complete
2025-09-25 20:59:08,646 - MainProcess(30612) - ThreadPoolExecutor-1_2 - adsk.dls.streamer.process.process - INFO :: package installation complete
2025-09-25 21:02:57,292 - MainProcess(30612) - ThreadPoolExecutor-1_1 - adsk.dls.streamer.process.process - INFO :: package installation complete
2025-09-25 21:02:57,302 - MainProcess(30612) - ThreadPoolExecutor-1_0 - adsk.dls.streamer.process.process - INFO :: Recording files in registry for 39b5c6419b37123801a5e298fa0770aff5cb280d
2025-09-25 21:02:58,702 - MainProcess(30612) - ThreadPoolExecutor-1_0 - adsk.dls.streamer.process.process - INFO :: Recording files in registry for fc7240b8db22c07e1d186dd9c19f353e9107b417
2025-09-25 21:02:58,752 - MainProcess(30612) - ThreadPoolExecutor-1_0 - adsk.dls.streamer.process.process - INFO :: Begin perform postdeploy tasks for package fb8c9811d070eaf06e9eb97820d0f23af14a91fb
2025-09-25 21:02:58,752 - MainProcess(30612) - ThreadPoolExecutor-1_0 - adsk.dls.streamer.process.process - INFO :: Executing special action 31e0f47eabdd436bb829e0c65acf67ba(CREATE_PACKAGE_LINK)
2025-09-25 21:02:58,752 - MainProcess(30612) - ThreadPoolExecutor-1_0 - adsk.dls.streamer.process.process - INFO :: Complete perform postdeploy tasks for package fb8c9811d070eaf06e9eb97820d0f23af14a91fb
2025-09-25 21:02:58,753 - MainProcess(30612) - ThreadPoolExecutor-1_0 - adsk.dls.streamer.process.process - INFO :: Recording files in registry for fb8c9811d070eaf06e9eb97820d0f23af14a91fb
2025-09-25 21:02:58,820 - MainProcess(30612) - ThreadPoolExecutor-1_0 - adsk.dls.streamer.process.process - INFO :: Recording files in registry for cd398d360d746179da04a19fe608256034f75a64
2025-09-25 21:02:58,856 - MainProcess(30612) - ThreadPoolExecutor-1_0 - adsk.dls.streamer.process.process - INFO :: Recording files in registry for 44b98f9863f8de70e4da279ef2810b286c8f151b
2025-09-25 21:02:58,891 - MainProcess(30612) - ThreadPoolExecutor-1_0 - adsk.dls.streamer.process.process - INFO :: Recording files in registry for 1841f7b196891fe52a4b8db0919f2a18c076f39a
2025-09-25 21:02:58,934 - MainProcess(30612) - ThreadPoolExecutor-1_0 - adsk.dls.streamer.process.process - INFO :: Recording files in registry for e08f00d286372d00ad2956c30a50dc9e7bef8fba
2025-09-25 21:02:58,966 - MainProcess(30612) - ThreadPoolExecutor-1_0 - adsk.dls.streamer.process.process - INFO :: Begin perform postdeploy tasks for package 1edd248f0475a89ebcb6e65c6911e73fddf09091
2025-09-25 21:02:58,966 - MainProcess(30612) - ThreadPoolExecutor-1_0 - adsk.dls.streamer.process.process - INFO :: Executing special action 31e0f47eabdd436bb829e0c65acf67ba(CREATE_PACKAGE_LINK)
2025-09-25 21:02:58,966 - MainProcess(30612) - ThreadPoolExecutor-1_0 - adsk.dls.streamer.process.process - INFO :: Executing special action b32513729518446bbd4984e704827353(WRITE_GA_APPNAME)
2025-09-25 21:02:58,966 - MainProcess(30612) - ThreadPoolExecutor-1_0 - adsk.dls.streamer.utils - INFO :: Writing analytics session information to \\?\C:\Users\Lenovo\AppData\Local\Autodesk\webdeploy\production\37a4fdb912fcb7645f48036186017c0cc6730354\streamingsession.json
2025-09-25 21:02:58,982 - MainProcess(30612) - ThreadPoolExecutor-1_0 - adsk.dls.streamer.process.process - INFO :: Complete perform postdeploy tasks for package 1edd248f0475a89ebcb6e65c6911e73fddf09091
2025-09-25 21:02:58,982 - MainProcess(30612) - ThreadPoolExecutor-1_0 - adsk.dls.streamer.process.process - INFO :: Recording files in registry for 1edd248f0475a89ebcb6e65c6911e73fddf09091
2025-09-25 21:02:59,033 - MainProcess(30612) - ThreadPoolExecutor-1_0 - adsk.dls.streamer.process.process - INFO :: Recording files in registry for 64d5d4e36ecb3d9d4ba9b7d1178e4b1f5600db1e
2025-09-25 21:02:59,112 - MainProcess(30612) - ThreadPoolExecutor-1_0 - adsk.dls.streamer.process.process - INFO :: Recording files in registry for 05d5aa8bb4fc73a6ed17526bce8706fb5cffc00d
2025-09-25 21:02:59,148 - MainProcess(30612) - ThreadPoolExecutor-1_0 - adsk.dls.streamer.process.process - INFO :: Begin perform predeploy tasks for package 58402b7d923228cc33aaf17a39d362bd0bb4e8ed
2025-09-25 21:02:59,148 - MainProcess(30612) - ThreadPoolExecutor-1_0 - adsk.dls.streamer.process.process - INFO :: Executing special action a9cdc10b1ed64039b7dfd3bf8a0dcd5e(REMOVE_WININSTALLER_PRODUCT)
2025-09-25 21:03:01,628 - MainProcess(30612) - ThreadPoolExecutor-1_0 - adsk.dls.streamer.windows.platform - WARNING :: Failed to remove windows installer product {CD2A85EC-C80D-4CAC-01C1-FCCDE4A651C8}.  Msiexec returns 1605
2025-09-25 21:03:01,813 - MainProcess(30612) - ThreadPoolExecutor-1_0 - adsk.dls.streamer.windows.platform - WARNING :: Failed to remove windows installer product {0188C9F4-CCDE-41E9-0150-6B1CFC6AC596}.  Msiexec returns 1605
2025-09-25 21:03:01,813 - MainProcess(30612) - ThreadPoolExecutor-1_0 - adsk.dls.streamer.process.process - INFO :: Complete perform predeploy tasks for package 58402b7d923228cc33aaf17a39d362bd0bb4e8ed
2025-09-25 21:03:01,815 - MainProcess(30612) - ThreadPoolExecutor-1_0 - adsk.dls.streamer.process.process - INFO :: Recording files in registry for 58402b7d923228cc33aaf17a39d362bd0bb4e8ed
2025-09-25 21:03:01,949 - MainProcess(30612) - ThreadPoolExecutor-1_0 - adsk.dls.streamer.process.process - INFO :: Recording files in registry for 2b1b263856718b387dcbe2dc2b87e332f411186f
2025-09-25 21:03:01,980 - MainProcess(30612) - ThreadPoolExecutor-1_0 - adsk.dls.streamer.process.process - INFO :: Recording files in registry for 3b9382c2ac1a6be1f40dd110954648d878b3945f
2025-09-25 21:03:02,017 - MainProcess(30612) - ThreadPoolExecutor-1_0 - adsk.dls.streamer.process.process - INFO :: Recording files in registry for c7257c412bb2ea448a3442fb22aceeb79639acbc
2025-09-25 21:03:02,206 - MainProcess(30612) - ThreadPoolExecutor-1_0 - adsk.dls.streamer.process.process - INFO :: Recording files in registry for 9a3111fa574bdd229a5f8b78597da69cc42ca428
2025-09-25 21:03:02,240 - MainProcess(30612) - ThreadPoolExecutor-1_0 - adsk.dls.streamer.process.process - INFO :: Recording files in registry for 886dca0bffc9d971fb0bb24c16d6942206046d47
2025-09-25 21:03:02,291 - MainProcess(30612) - ThreadPoolExecutor-1_0 - adsk.dls.streamer.process.process - INFO :: Recording files in registry for d2f56f59de1be6be8a9ee5958311abbf4938e850
2025-09-25 21:03:02,327 - MainProcess(30612) - ThreadPoolExecutor-1_0 - adsk.dls.streamer.process.process - INFO :: Recording files in registry for e2c85b48fb86328430d3e1d3dc89c58636496b45
2025-09-25 21:03:02,363 - MainProcess(30612) - ThreadPoolExecutor-1_0 - adsk.dls.streamer.process.process - INFO :: Recording files in registry for caff8ebf3f13beb3664939d51b010522e99070a8
2025-09-25 21:03:02,403 - MainProcess(30612) - ThreadPoolExecutor-1_0 - adsk.dls.streamer.process.process - INFO :: Recording files in registry for 4cc4fc5ded8c153327bd927b362d2dcd1a6a8c0e
2025-09-25 21:03:02,453 - MainProcess(30612) - ThreadPoolExecutor-1_0 - adsk.dls.streamer.process.process - INFO :: Recording files in registry for 8a837175ed7576990067536aef3a3ef4f9b61fa8
2025-09-25 21:03:02,489 - MainProcess(30612) - ThreadPoolExecutor-1_0 - adsk.dls.streamer.process.process - INFO :: Begin perform postdeploy tasks for package 4b91141c503e6a4e1767e5e2c7994114615bc492
2025-09-25 21:03:02,489 - MainProcess(30612) - ThreadPoolExecutor-1_0 - adsk.dls.streamer.process.process - INFO :: Executing special action e10f096356f7470ea58e13af02d1ba7c(UPDATE_PINNABLE_LAUNCHER)
2025-09-25 21:03:02,495 - MainProcess(30612) - ThreadPoolExecutor-1_0 - adsk.dls.streamer.process.process - WARNING :: Special action e11b50c4e45d49c68aa944c2e476a76f(Unknown) was not in registry
2025-09-25 21:03:02,495 - MainProcess(30612) - ThreadPoolExecutor-1_0 - adsk.dls.streamer.process.process - INFO :: Executing special action b32513729518446bbd4984e704827353(WRITE_GA_APPNAME)
2025-09-25 21:03:02,495 - MainProcess(30612) - ThreadPoolExecutor-1_0 - adsk.dls.streamer.utils - INFO :: Writing analytics session information to \\?\C:\Users\Lenovo\AppData\Local\Autodesk\webdeploy\production\37a4fdb912fcb7645f48036186017c0cc6730354\streamingsession.json
2025-09-25 21:03:02,505 - MainProcess(30612) - ThreadPoolExecutor-1_0 - adsk.dls.streamer.process.process - INFO :: Executing special action 7df3ec3a7e8d40ada66494b9dc32dc4e(ACTIVATE_CONFIG)
2025-09-25 21:03:02,521 - MainProcess(30612) - ThreadPoolExecutor-1_0 - adsk.dls.streamer.process.process - INFO :: Activating configuration file at \\?\C:\Users\Lenovo\AppData\Local\Autodesk\webdeploy\production\37a4fdb912fcb7645f48036186017c0cc6730354\Applications\Fusion\Fusion360App\ApplicationOptions.production.json as \\?\C:\Users\Lenovo\AppData\Local\Autodesk\webdeploy\production\37a4fdb912fcb7645f48036186017c0cc6730354\Fusion 360.server.config
2025-09-25 21:03:02,521 - MainProcess(30612) - ThreadPoolExecutor-1_0 - adsk.dls.streamer.process.process - INFO :: But first deleting pre-existing target
2025-09-25 21:03:02,543 - MainProcess(30612) - ThreadPoolExecutor-1_0 - adsk.dls.streamer.process.process - INFO :: Activating configuration file at \\?\C:\Users\Lenovo\AppData\Local\Autodesk\webdeploy\production\37a4fdb912fcb7645f48036186017c0cc6730354\Applications\Fusion\Fusion360App\AdpSDKGlobal.production.config as \\?\C:\Users\Lenovo\AppData\Local\Autodesk\webdeploy\production\37a4fdb912fcb7645f48036186017c0cc6730354\AdpSDKGlobal.config
2025-09-25 21:03:02,543 - MainProcess(30612) - ThreadPoolExecutor-1_0 - adsk.dls.streamer.process.process - INFO :: But first deleting pre-existing target
2025-09-25 21:03:02,561 - MainProcess(30612) - ThreadPoolExecutor-1_0 - adsk.dls.streamer.process.process - INFO :: Activating configuration file at \\?\C:\Users\Lenovo\AppData\Local\Autodesk\webdeploy\production\37a4fdb912fcb7645f48036186017c0cc6730354\Applications\Fusion\Fusion360App\adpdesktopsdk.production.env as \\?\C:\Users\Lenovo\AppData\Local\Autodesk\webdeploy\production\37a4fdb912fcb7645f48036186017c0cc6730354\adpdesktopsdk.env
2025-09-25 21:03:02,566 - MainProcess(30612) - ThreadPoolExecutor-1_0 - adsk.dls.streamer.process.process - INFO :: But first deleting pre-existing target
2025-09-25 21:03:02,566 - MainProcess(30612) - ThreadPoolExecutor-1_0 - adsk.dls.streamer.process.process - INFO :: Executing special action 8df63efc00a94e9aa262d921a044c83a(PROCESS_TEMPLATE)
2025-09-25 21:03:02,571 - MainProcess(30612) - ThreadPoolExecutor-1_0 - adsk.dls.streamer.process.process - INFO :: Executing special action 9a6f9239365141149849b3081dc3fd7c(WRITE_STREAMER_OPTIONS)
2025-09-25 21:03:02,571 - MainProcess(30612) - ThreadPoolExecutor-1_0 - adsk.dls.streamer.utils - INFO :: Write value '0' to option 'GlobalInstall'
2025-09-25 21:03:02,571 - MainProcess(30612) - ThreadPoolExecutor-1_0 - adsk.dls.streamer.utils - INFO :: Remove option 'DevBuild'
2025-09-25 21:03:02,648 - MainProcess(30612) - ThreadPoolExecutor-1_0 - adsk.dls.streamer.netlib - INFO :: ProxyServer: 
2025-09-25 21:03:02,648 - MainProcess(30612) - ThreadPoolExecutor-1_0 - adsk.dls.streamer.netlib - INFO :: Setup HTTPSHandler
2025-09-25 21:03:02,648 - MainProcess(30612) - ThreadPoolExecutor-1_0 - adsk.dls.streamer.netlib - INFO :: Setup AuthHandler
2025-09-25 21:03:04,032 - MainProcess(30612) - ThreadPoolExecutor-1_0 - adsk.dls.streamer.process.process - INFO :: The ETag of url https://dl.appstreaming.autodesk.com/production/67316f5e79bc48318aa5f7b6bb58243d/73e72ada57b7480280f7a6f4a289729f/full.json is 6fb9cd461927e8591f7e45563805207d:1758160733.675297
2025-09-25 21:03:04,032 - MainProcess(30612) - ThreadPoolExecutor-1_0 - adsk.dls.streamer.utils - INFO :: Write value 'https://dl.appstreaming.autodesk.com/production/67316f5e79bc48318aa5f7b6bb58243d/73e72ada57b7480280f7a6f4a289729f/full.json' to option 'StreamerRootUrl'
2025-09-25 21:03:04,032 - MainProcess(30612) - ThreadPoolExecutor-1_0 - adsk.dls.streamer.utils - INFO :: Write value '6fb9cd461927e8591f7e45563805207d:1758160733.675297' to option 'ETag'
2025-09-25 21:03:04,032 - MainProcess(30612) - ThreadPoolExecutor-1_0 - adsk.dls.streamer.utils - INFO :: Write value 'production' to option 'InstallStream'
2025-09-25 21:03:04,034 - MainProcess(30612) - ThreadPoolExecutor-1_0 - adsk.dls.streamer.process.process - INFO :: Executing special action 1341bb4b8566410e9c7c8aef52bcb222(FILE_ASSOCIATIONS)
2025-09-25 21:03:04,585 - MainProcess(30612) - ThreadPoolExecutor-1_0 - adsk.dls.streamer.manifests - WARNING :: File reference with id abd72029628f448888fa727750794db8 was not found
2025-09-25 21:03:04,587 - MainProcess(30612) - ThreadPoolExecutor-1_0 - adsk.dls.streamer.process.process - INFO :: Executing special action 4afd20f9b05b4349869fb10841d11444(DELIVER_ICON)
2025-09-25 21:03:04,587 - MainProcess(30612) - ThreadPoolExecutor-1_0 - adsk.dls.streamer.windows.platform - INFO :: Deliver the icon of Fusion360.exe to the same folder as the Pinnable launcher.
2025-09-25 21:03:04,592 - MainProcess(30612) - ThreadPoolExecutor-1_0 - adsk.dls.streamer.windows.platform - INFO :: The location of Fusion360 icon is: \\?\C:\Users\Lenovo\AppData\Local\Autodesk\webdeploy\production\6a0c9611291d45bb9226980209917c3d
2025-09-25 21:03:04,598 - MainProcess(30612) - ThreadPoolExecutor-1_0 - adsk.dls.streamer.windows.platform - INFO :: The location of Fusion360 icon is: \\?\C:\Users\Lenovo\AppData\Local\Autodesk\webdeploy\production\6a0c9611291d45bb9226980209917c3d
2025-09-25 21:03:04,602 - MainProcess(30612) - ThreadPoolExecutor-1_0 - adsk.dls.streamer.windows.platform - INFO :: The location of Fusion360 icon is: \\?\C:\Users\Lenovo\AppData\Local\Autodesk\webdeploy\production\6a0c9611291d45bb9226980209917c3d
2025-09-25 21:03:04,604 - MainProcess(30612) - ThreadPoolExecutor-1_0 - adsk.dls.streamer.windows.platform - INFO :: The location of Fusion360 icon is: \\?\C:\Users\Lenovo\AppData\Local\Autodesk\webdeploy\production\6a0c9611291d45bb9226980209917c3d
2025-09-25 21:03:04,606 - MainProcess(30612) - ThreadPoolExecutor-1_0 - adsk.dls.streamer.windows.platform - INFO :: The location of Fusion360 icon is: \\?\C:\Users\Lenovo\AppData\Local\Autodesk\webdeploy\production\6a0c9611291d45bb9226980209917c3d
2025-09-25 21:03:04,608 - MainProcess(30612) - ThreadPoolExecutor-1_0 - adsk.dls.streamer.windows.platform - INFO :: The location of Fusion360 icon is: \\?\C:\Users\Lenovo\AppData\Local\Autodesk\webdeploy\production\6a0c9611291d45bb9226980209917c3d
2025-09-25 21:03:04,611 - MainProcess(30612) - ThreadPoolExecutor-1_0 - adsk.dls.streamer.process.process - WARNING :: Special action abd8ee230bcc49f9a56035b8eefedeed(REGISTER_UNINSTALL) was not in registry
2025-09-25 21:03:04,611 - MainProcess(30612) - ThreadPoolExecutor-1_0 - adsk.dls.streamer.process.process - INFO :: Executing special action 5ca4357a038540d58fb2092e8a9329a9(REGISTER_SAFE_MODE)
2025-09-25 21:03:06,175 - MainProcess(30612) - ThreadPoolExecutor-1_0 - adsk.dls.streamer.self_deploy - INFO :: Streamer folder "C:\Users\Lenovo\AppData\Local\Autodesk\webdeploy\meta\streamer\20230718160705" is found
2025-09-25 21:03:06,175 - MainProcess(30612) - ThreadPoolExecutor-1_0 - adsk.dls.streamer.self_deploy - INFO :: Find the latest streamer executable "C:\Users\Lenovo\AppData\Local\Autodesk\webdeploy\meta\streamer\20230718160705\streamer.exe"
2025-09-25 21:03:06,175 - MainProcess(30612) - ThreadPoolExecutor-1_0 - adsk.dls.streamer.self_deploy - INFO :: Create shortcut file: C:\Users\Lenovo\AppData\Local\Autodesk\webdeploy\meta\streamer\streamer.bat
2025-09-25 21:03:06,180 - MainProcess(30612) - ThreadPoolExecutor-1_0 - adsk.dls.streamer.windows.platform - INFO :: Creating safe mode registry key "Software\Microsoft\Windows\CurrentVersion\Uninstall\73e72ada57b7480280f7a6f4a289729f"
2025-09-25 21:03:06,180 - MainProcess(30612) - ThreadPoolExecutor-1_0 - adsk.dls.streamer.windows.platform - INFO :: original name: Autodesk Fusion
2025-09-25 21:03:06,180 - MainProcess(30612) - ThreadPoolExecutor-1_0 - adsk.dls.streamer.windows.platform - INFO :: stream name: production
2025-09-25 21:03:06,180 - MainProcess(30612) - ThreadPoolExecutor-1_0 - adsk.dls.streamer.windows.platform - INFO :: new name: Autodesk Fusion
2025-09-25 21:03:06,220 - MainProcess(30612) - ThreadPoolExecutor-1_0 - adsk.dls.streamer.windows.platform - INFO :: original launch icon: C:\Users\Lenovo\AppData\Local\Autodesk\webdeploy\production\6a0c9611291d45bb9226980209917c3d\Fusion360.ico Fusion360.ico
2025-09-25 21:03:06,220 - MainProcess(30612) - ThreadPoolExecutor-1_0 - adsk.dls.streamer.windows.platform - INFO :: new launch icon: C:\Users\Lenovo\AppData\Local\Autodesk\webdeploy\production\6a0c9611291d45bb9226980209917c3d\Fusion360.ico
2025-09-25 21:03:06,222 - MainProcess(30612) - ThreadPoolExecutor-1_0 - adsk.dls.streamer.process.process - INFO :: Executing special action 3af6a9fa26704d868bb90e12b3aed9be(EXTERNAL_INSTALLS)
2025-09-25 21:03:06,234 - MainProcess(30612) - ThreadPoolExecutor-1_0 - adsk.dls.streamer.manifests - WARNING :: File reference with id abd72029628f448888fa727750794db8 was not found
2025-09-25 21:03:06,234 - MainProcess(30612) - ThreadPoolExecutor-1_0 - adsk.dls.streamer.process.process - INFO :: Executing special action 0b9a4c1251914f7facc25616ea0f9de3(CREATE_LAUNCH_ITEMS)
2025-09-25 21:03:06,246 - MainProcess(30612) - ThreadPoolExecutor-1_0 - adsk.dls.streamer.manifests - WARNING :: File reference with id abd72029628f448888fa727750794db8 was not found
2025-09-25 21:03:06,247 - MainProcess(30612) - ThreadPoolExecutor-1_0 - adsk.dls.streamer.windows.platform - INFO :: \\?\C:\Users\Lenovo\AppData\Local\Autodesk\webdeploy\production\6a0c9611291d45bb9226980209917c3d\FusionLauncher.exe is launchable. Creating a shortcut
2025-09-25 21:03:06,257 - MainProcess(30612) - ThreadPoolExecutor-1_0 - adsk.dls.streamer.windows.platform - INFO :: original name: Autodesk Fusion
2025-09-25 21:03:06,259 - MainProcess(30612) - ThreadPoolExecutor-1_0 - adsk.dls.streamer.windows.platform - INFO :: stream name: production
2025-09-25 21:03:06,259 - MainProcess(30612) - ThreadPoolExecutor-1_0 - adsk.dls.streamer.windows.platform - INFO :: new name: Autodesk Fusion
2025-09-25 21:03:06,259 - MainProcess(30612) - ThreadPoolExecutor-1_0 - adsk.dls.streamer.windows.platform - INFO :: original launch icon: C:\Users\Lenovo\AppData\Local\Autodesk\webdeploy\production\6a0c9611291d45bb9226980209917c3d\Fusion360.ico Fusion360.ico
2025-09-25 21:03:06,259 - MainProcess(30612) - ThreadPoolExecutor-1_0 - adsk.dls.streamer.windows.platform - INFO :: new launch icon: C:\Users\Lenovo\AppData\Local\Autodesk\webdeploy\production\6a0c9611291d45bb9226980209917c3d\Fusion360.ico
2025-09-25 21:03:06,346 - MainProcess(30612) - ThreadPoolExecutor-1_0 - adsk.dls.streamer.windows.platform - INFO :: original name: Autodesk Fusion
2025-09-25 21:03:06,346 - MainProcess(30612) - ThreadPoolExecutor-1_0 - adsk.dls.streamer.windows.platform - INFO :: stream name: production
2025-09-25 21:03:06,346 - MainProcess(30612) - ThreadPoolExecutor-1_0 - adsk.dls.streamer.windows.platform - INFO :: new name: Autodesk Fusion
2025-09-25 21:03:06,346 - MainProcess(30612) - ThreadPoolExecutor-1_0 - adsk.dls.streamer.windows.platform - INFO :: original launch icon: C:\Users\Lenovo\AppData\Local\Autodesk\webdeploy\production\6a0c9611291d45bb9226980209917c3d\Fusion360.ico Fusion360.ico
2025-09-25 21:03:06,346 - MainProcess(30612) - ThreadPoolExecutor-1_0 - adsk.dls.streamer.windows.platform - INFO :: new launch icon: C:\Users\Lenovo\AppData\Local\Autodesk\webdeploy\production\6a0c9611291d45bb9226980209917c3d\Fusion360.ico
2025-09-25 21:03:06,358 - MainProcess(30612) - ThreadPoolExecutor-1_0 - adsk.dls.streamer.process.process - WARNING :: Exception processing tasks for 4b91141c503e6a4e1767e5e2c7994114615bc492: 
2025-09-25 21:03:06,414 - MainProcess(30612) - InstallDriver - adsk.dls.streamer.process.process - INFO :: The host dl.appstreaming.autodesk.com is accessible
2025-09-25 21:03:06,416 - MainProcess(30612) - InstallDriver - adsk.dls.streamer.process.process - INFO :: S_I: NjQ6ZmY5Yjo6MzEyYzo5YTEx
2025-09-25 21:03:06,417 - MainProcess(30612) - InstallDriver - adsk.dls.streamer.process.process - INFO :: C_PR_I: MTAuMzkuNzEuOTM=
2025-09-25 21:03:08,337 - MainProcess(30612) - InstallDriver - adsk.dls.streamer.process.process - INFO :: Local DNS: U2VydmVyOiAgVW5Lbm93bg0sIEFkZHJlc3M6ICAxMC4zOS43MS4yMTkN
2025-09-25 21:03:08,337 - MainProcess(30612) - InstallDriver - adsk.dls.streamer.process.process - INFO :: Detected proxies: e30=
2025-09-25 21:03:08,337 - MainProcess(30612) - InstallDriver - adsk.dls.streamer.process.process - ERROR :: Exception during processing:
Traceback (most recent call last):
  File "R:\src\adsk\dls\streamer\process\process.py", line 1186, in execute
  File "R:\src\adsk\dls\streamer\process\deploy_process.py", line 95, in execute_without_errorhandling
  File "R:\src\adsk\dls\streamer\process\process.py", line 1116, in execute_without_errorhandling
  File "R:\src\adsk\dls\streamer\process\process.py", line 932, in _config_app
  File "R:\src\adsk\dls\streamer\process\process.py", line 1928, in _do_installation
  File "R:\src\adsk\dls\streamer\process\process.py", line 1689, in wait_threads
  File "E:\Jenkins\3P\PYTHON\3.11.1\WIN64_1\Lib\concurrent\futures\thread.py", line 58, in run
  File "R:\src\adsk\dls\streamer\process\process.py", line 1809, in execute_tasks
  File "R:\src\adsk\dls\streamer\process\process.py", line 415, in _executetasks
  File "R:\src\adsk\dls\streamer\windows\platform.py", line 344, in create_launch_items
  File "R:\src\adsk\dls\streamer\windows\platform.py", line 444, in _manipulate_shortcuts
  File "R:\src\adsk\dls\streamer\manifests.py", line 807, in walk_external_references
  File "R:\src\adsk\dls\streamer\windows\platform.py", line 401, in __filevisitor
  File "R:\src\adsk\dls\streamer\manifests.py", line 62, in __next__
  File "R:\src\adsk\dls\streamer\manifests.py", line 44, in _manifestvalfor
  File "R:\src\adsk\dls\streamer\manifests.py", line 239, in _process_template_value
  File "R:\src\adsk\dls\streamer\utils.py", line 258, in __call__
  File "E:\Jenkins\3P\PYTHON\3.11.1\WIN64_1\Lib\string.py", line 121, in substitute
  File "E:\Jenkins\3P\PYTHON\3.11.1\WIN64_1\Lib\string.py", line 114, in convert
  File "R:\src\adsk\dls\streamer\manifests.py", line 228, in __getitem__
  File "R:\src\adsk\dls\streamer\configuration.py", line 782, in __getitem__
  File "R:\src\adsk\dls\streamer\windows\platform.py", line 2068, in __getitem__
  File "R:\src\adsk\dls\streamer\platform_base.py", line 108, in __getitem__
IndexError

-------------------------------------------------------------------------------
2025-09-25 21:03:40,008 - MainProcess(30612) - InstallDriver - adsk.dls.streamer.process.process - INFO :: Detecting the orphans ... 
2025-09-25 21:03:40,039 - MainProcess(30612) - InstallDriver - adsk.dls.streamer.process.process - WARNING :: Error detected, removing cache file list in 4b91141c503e6a4e1767e5e2c7994114615bc492
2025-09-25 21:03:40,039 - MainProcess(30612) - InstallDriver - adsk.dls.streamer.utils - WARNING :: Could not remove non-existant file: \\?\c:\users\lenovo\appdata\local\autodesk\webdeploy\production\37a4fdb912fcb7645f48036186017c0cc6730354\adpdesktopsdk.env
2025-09-25 21:03:40,039 - MainProcess(30612) - InstallDriver - adsk.dls.streamer.utils - WARNING :: Could not remove non-existant file: \\?\c:\users\lenovo\appdata\local\autodesk\webdeploy\production\37a4fdb912fcb7645f48036186017c0cc6730354\adpsdkglobal.config
2025-09-25 21:03:40,325 - MainProcess(30612) - InstallDriver - adsk.dls.streamer.utils - WARNING :: Could not remove non-existant file: \\?\c:\users\lenovo\appdata\local\autodesk\webdeploy\production\37a4fdb912fcb7645f48036186017c0cc6730354\fusion 360.server.config
2025-09-25 21:03:41,138 - MainProcess(30612) - InstallDriver - adsk.dls.streamer.process.process - WARNING :: Exception in Deploy 
2025-09-25 21:03:45,821 - MainProcess(30612) - InstallDriver - adsk.dls.streamer.registry - INFO :: Shutting down database connection
2025-09-25 21:03:45,835 - MainProcess(30612) - InstallDriver - adsk.dls.streamer.configuration - INFO :: Shutting down configurator object
2025-09-25 21:03:45,835 - MainProcess(30612) - InstallDriver - adsk.dls.streamer.configuration - INFO :: ##################################### End #####################################
2025-09-25 21:04:21,471 - MainProcess(7064) - MainThread - adsk.dls.streamer - DEBUG :: Logging initialized, with level 10, output file: C:\Users\Lenovo\AppData\Local\Autodesk\autodesk.webdeploy.streamer.log
2025-09-25 21:04:21,471 - MainProcess(7064) - MainThread - adsk.dls.streamer.configuration - INFO :: #################################### Begin ####################################
2025-09-25 21:04:21,471 - MainProcess(7064) - MainThread - adsk.dls.streamer.configuration - INFO :: #                                                                             #
2025-09-25 21:04:21,471 - MainProcess(7064) - MainThread - adsk.dls.streamer.configuration - INFO :: # <adsk.dls.streamer.configuration.Configurator object at 0x0000021424D4B050> #
2025-09-25 21:04:21,471 - MainProcess(7064) - MainThread - adsk.dls.streamer.configuration - INFO :: #                                                                             #
2025-09-25 21:04:21,471 - MainProcess(7064) - MainThread - adsk.dls.streamer.configuration - INFO :: ###############################################################################
2025-09-25 21:04:21,471 - MainProcess(7064) - MainThread - adsk.dls.streamer.manifests - INFO :: Loading build manifest from C:\Users\Lenovo\AppData\Local\Temp\7zSECD7.tmp\resources\buildinfo.json
2025-09-25 21:04:21,471 - MainProcess(7064) - MainThread - adsk.dls.streamer.manifests - DEBUG :: Searching for manifest object member: feature-version
2025-09-25 21:04:21,471 - MainProcess(7064) - MainThread - adsk.dls.streamer.configuration - INFO :: The streamer version is: 20250214112351
2025-09-25 21:04:21,471 - MainProcess(7064) - MainThread - adsk.dls.streamer.configuration - DEBUG :: Loading default language: en_US
2025-09-25 21:04:21,473 - MainProcess(7064) - MainThread - adsk.dls.streamer.configuration - DEBUG :: Resource directory set to: C:\Users\Lenovo\AppData\Local\Temp\7zSECD7.tmp\resources
2025-09-25 21:04:21,474 - MainProcess(7064) - MainThread - adsk.dls.streamer.__main__ - INFO :: Setup SSL_CERT_FILE environment variable to C:\Users\Lenovo\AppData\Local\Temp\7zSECD7.tmp\certs.pem
2025-09-25 21:04:21,474 - MainProcess(7064) - MainThread - adsk.dls.streamer.__main__ - DEBUG :: Defining command line arguments
2025-09-25 21:04:21,474 - MainProcess(7064) - MainThread - adsk.dls.streamer.__main__ - DEBUG :: Overriding standard streams to capture output
2025-09-25 21:04:21,474 - MainProcess(7064) - MainThread - adsk.dls.streamer.__main__ - DEBUG :: Parsing command line arguments
2025-09-25 21:04:21,474 - MainProcess(7064) - MainThread - adsk.dls.streamer.__main__ - INFO :: Command-Line Argument Configuration:
Namespace(procfac=<function deploy_process at 0x0000021424D51EE0>, operation=<function multiple_operate at 0x0000021424C33380>, app_id='73e72ada57b7480280f7a6f4a289729f', language='en', connection='https://dl.appstreaming.autodesk.com/production/', update_connection=None, stream='production', globalinstall=False, no_auto_launch=False, no_uninstall_registry=False, install_origin='Streamer', profile=False, threadscount=5, installlocation=None, ppid=-1, force_full=False, purge=False, cleanup=False, silent=False, launch_args='', pull_dest=None, loglevel=20, logfile=None, headless=False, pipes=None, quietmode=False, infofile=None, no_cleanup=False, cleancacheall=False, removeuserdata=False, removeusercred=False, deep_clean=False)
2025-09-25 21:04:21,474 - MainProcess(7064) - MainThread - adsk.dls.streamer.__main__ - INFO :: >>>>>>>> app id is 73e72ada57b7480280f7a6f4a289729f ---- stream is production ---- global install is False <<<<<<<<
2025-09-25 21:04:21,474 - MainProcess(7064) - MainThread - adsk.dls.streamer.__main__ - DEBUG :: Resetting the standard streams
2025-09-25 21:04:21,474 - MainProcess(7064) - MainThread - adsk.dls.streamer - INFO :: New logging level: 20
2025-09-25 21:04:21,474 - MainProcess(7064) - MainThread - adsk.dls.streamer.configuration - INFO :: Overriding Connection String: https://dl.appstreaming.autodesk.com/production/
2025-09-25 21:04:21,851 - MainProcess(7064) - InstallDriver - adsk.dls.streamer.process.process - INFO :: Start to run process: Deploy
2025-09-25 21:04:22,124 - MainProcess(7064) - InstallDriver - adsk.dls.streamer.configuration - INFO :: The PAC invoking process was enabled but the proxy is empty
2025-09-25 21:04:23,997 - MainProcess(7064) - InstallDriver - adsk.dls.streamer.registry - INFO :: registry track file C:\Users\Lenovo\AppData\Local\Autodesk\webdeploy\meta\registry_track is created.
2025-09-25 21:04:24,000 - MainProcess(7064) - InstallDriver - adsk.dls.streamer.registry - INFO :: Existing database is at revision 3
2025-09-25 21:04:24,000 - MainProcess(7064) - InstallDriver - adsk.dls.streamer.registry - INFO :: Existing database is at revision 4
2025-09-25 21:04:24,000 - MainProcess(7064) - InstallDriver - adsk.dls.streamer.process.process - INFO :: Pulling application manifest: 73e72ada57b7480280f7a6f4a289729f version: None
2025-09-25 21:04:24,000 - MainProcess(7064) - InstallDriver - adsk.dls.streamer.manifests - INFO :: Opening manifest at: https://dl.appstreaming.autodesk.com/production/67316f5e79bc48318aa5f7b6bb58243d/73e72ada57b7480280f7a6f4a289729f/full.json
2025-09-25 21:04:24,493 - MainProcess(7064) - InstallDriver - adsk.dls.streamer.netlib - INFO :: ProxyServer: 
2025-09-25 21:04:24,495 - MainProcess(7064) - InstallDriver - adsk.dls.streamer.netlib - INFO :: Setup HTTPSHandler
2025-09-25 21:04:24,495 - MainProcess(7064) - InstallDriver - adsk.dls.streamer.netlib - INFO :: Setup AuthHandler
2025-09-25 21:04:24,495 - MainProcess(7064) - InstallDriver - adsk.dls.streamer.netlib - INFO :: Begin of logging network information.
2025-09-25 21:04:24,495 - MainProcess(7064) - InstallDriver - adsk.dls.streamer.netlib - INFO :: Proxy mode: ProxyMode.LEGACY
2025-09-25 21:04:24,539 - MainProcess(7064) - InstallDriver - adsk.dls.streamer.netlib - INFO :: Domain name : dl.appstreaming.autodesk.com, edge server ip : 49.44.154.17
2025-09-25 21:04:24,598 - MainProcess(7064) - InstallDriver - adsk.dls.streamer.process.process - INFO :: The host dl.appstreaming.autodesk.com is accessible
2025-09-25 21:04:24,674 - MainProcess(7064) - InstallDriver - adsk.dls.streamer.process.process - INFO :: S_I: NjQ6ZmY5Yjo6MzEyYzo5YTEx
2025-09-25 21:04:24,674 - MainProcess(7064) - InstallDriver - adsk.dls.streamer.process.process - INFO :: C_PR_I: MTAuMzkuNzEuOTM=
2025-09-25 21:04:24,674 - MainProcess(7064) - InstallDriver - adsk.dls.streamer.process.process - INFO :: Detected proxies: e30=
2025-09-25 21:04:24,674 - MainProcess(7064) - InstallDriver - adsk.dls.streamer.netlib - INFO :: End of logging network information.
2025-09-25 21:04:25,049 - MainProcess(7064) - InstallDriver - adsk.dls.streamer.process.deploy_process - ERROR :: Current streamer version: 20250214112351 is lower than the version to be installed: 20250523173000
2025-09-25 21:04:25,115 - MainProcess(7064) - InstallDriver - adsk.dls.streamer.process.process - INFO :: The host dl.appstreaming.autodesk.com is accessible
2025-09-25 21:04:25,115 - MainProcess(7064) - InstallDriver - adsk.dls.streamer.process.process - INFO :: S_I: NjQ6ZmY5Yjo6MzEyYzo5YTEx
2025-09-25 21:04:25,117 - MainProcess(7064) - InstallDriver - adsk.dls.streamer.process.process - INFO :: C_PR_I: MTAuMzkuNzEuOTM=
2025-09-25 21:04:34,347 - MainProcess(7064) - InstallDriver - adsk.dls.streamer.process.process - INFO :: Local DNS: U2VydmVyOiAgVW5Lbm93bg0sIEFkZHJlc3M6ICAxMC4zOS43MS4yMTkN
2025-09-25 21:04:34,347 - MainProcess(7064) - InstallDriver - adsk.dls.streamer.process.process - INFO :: Detected proxies: e30=
2025-09-25 21:04:34,347 - MainProcess(7064) - InstallDriver - adsk.dls.streamer.process.process - ERROR :: Exception during processing:
Traceback (most recent call last):
  File "R:\src\adsk\dls\streamer\process\process.py", line 1176, in execute
  File "R:\src\adsk\dls\streamer\process\deploy_process.py", line 75, in execute_without_errorhandling
adsk.dls.streamer.exceptions.OutdatedStreamerVersion: Streamer version is outdated

-------------------------------------------------------------------------------
2025-09-25 21:04:46,414 - MainProcess(7064) - InstallDriver - adsk.dls.streamer.process.process - INFO :: Detecting the orphans ... 
2025-09-25 21:04:46,450 - MainProcess(7064) - InstallDriver - adsk.dls.streamer.process.process - WARNING :: Exception in Deploy Streamer version is outdated
2025-09-25 21:04:48,365 - MainProcess(23168) - MainThread - adsk.dls.streamer - DEBUG :: Logging initialized, with level 10, output file: C:\Users\Lenovo\AppData\Local\Autodesk\autodesk.webdeploy.streamer.log
2025-09-25 21:04:48,365 - MainProcess(23168) - MainThread - adsk.dls.streamer.configuration - INFO :: #################################### Begin ####################################
2025-09-25 21:04:48,365 - MainProcess(23168) - MainThread - adsk.dls.streamer.configuration - INFO :: #                                                                             #
2025-09-25 21:04:48,365 - MainProcess(23168) - MainThread - adsk.dls.streamer.configuration - INFO :: # <adsk.dls.streamer.configuration.Configurator object at 0x000001081A0D8550> #
2025-09-25 21:04:48,365 - MainProcess(23168) - MainThread - adsk.dls.streamer.configuration - INFO :: #                                                                             #
2025-09-25 21:04:48,365 - MainProcess(23168) - MainThread - adsk.dls.streamer.configuration - INFO :: ###############################################################################
2025-09-25 21:04:48,365 - MainProcess(23168) - MainThread - adsk.dls.streamer.manifests - INFO :: Loading build manifest from C:\Users\Lenovo\AppData\Local\Temp\7zS541D.tmp\resources\buildinfo.json
2025-09-25 21:04:48,366 - MainProcess(23168) - MainThread - adsk.dls.streamer.manifests - DEBUG :: Searching for manifest object member: feature-version
2025-09-25 21:04:48,366 - MainProcess(23168) - MainThread - adsk.dls.streamer.configuration - INFO :: The streamer version is: 20230718160705
2025-09-25 21:04:48,366 - MainProcess(23168) - MainThread - adsk.dls.streamer.configuration - DEBUG :: Loading default language: en_US
2025-09-25 21:04:48,366 - MainProcess(23168) - MainThread - adsk.dls.streamer.configuration - DEBUG :: Resource directory set to: C:\Users\Lenovo\AppData\Local\Temp\7zS541D.tmp\resources
2025-09-25 21:04:48,368 - MainProcess(23168) - MainThread - adsk.dls.streamer.__main__ - INFO :: Setup SSL_CERT_FILE environment variable to C:\Users\Lenovo\AppData\Local\Temp\7zS541D.tmp\certs.pem
2025-09-25 21:04:48,368 - MainProcess(23168) - MainThread - adsk.dls.streamer.__main__ - DEBUG :: Defining command line arguments
2025-09-25 21:04:48,370 - MainProcess(23168) - MainThread - adsk.dls.streamer.__main__ - DEBUG :: Overriding standard streams to capture output
2025-09-25 21:04:48,370 - MainProcess(23168) - MainThread - adsk.dls.streamer.__main__ - DEBUG :: Parsing command line arguments
2025-09-25 21:04:48,370 - MainProcess(23168) - MainThread - adsk.dls.streamer.__main__ - INFO :: Command-Line Argument Configuration:
Namespace(procfac=<function deploy_process at 0x000001081A0BD080>, operation=<function multiple_operate at 0x00000108197A54E0>, app_id='73e72ada57b7480280f7a6f4a289729f', language='en', connection='https://dl.appstreaming.autodesk.com/production/', update_connection=None, stream='production', globalinstall=False, no_auto_launch=False, no_uninstall_registry=False, install_origin='Streamer', profile=False, threadscount=5, installlocation=None, ppid=-1, force_full=False, purge=False, cleanup=False, silent=False, launch_args='', pull_dest=None, loglevel=20, logfile=None, headless=False, pipes=None, quietmode=False, infofile=None, no_cleanup=False, cleancacheall=False, removeuserdata=False, removeusercred=False, deep_clean=False)
2025-09-25 21:04:48,370 - MainProcess(23168) - MainThread - adsk.dls.streamer.__main__ - INFO :: >>>>>>>> app id is 73e72ada57b7480280f7a6f4a289729f ---- stream is production ---- global install is False <<<<<<<<
2025-09-25 21:04:48,370 - MainProcess(23168) - MainThread - adsk.dls.streamer.__main__ - DEBUG :: Resetting the standard streams
2025-09-25 21:04:48,372 - MainProcess(23168) - MainThread - adsk.dls.streamer - INFO :: New logging level: 20
2025-09-25 21:04:48,372 - MainProcess(23168) - MainThread - adsk.dls.streamer.configuration - INFO :: Overriding Connection String: https://dl.appstreaming.autodesk.com/production/
2025-09-25 21:04:48,789 - MainProcess(23168) - InstallDriver - adsk.dls.streamer.process.process - INFO :: Start to run process: Deploy
2025-09-25 21:04:49,141 - MainProcess(23168) - InstallDriver - adsk.dls.streamer.configuration - INFO :: The PAC invoking process was enabled but the proxy is empty
2025-09-25 21:04:49,459 - MainProcess(7064) - InstallDriver - adsk.dls.streamer.registry - INFO :: Shutting down database connection
2025-09-25 21:04:49,469 - MainProcess(7064) - InstallDriver - adsk.dls.streamer.configuration - INFO :: Shutting down configurator object
2025-09-25 21:04:49,470 - MainProcess(7064) - InstallDriver - adsk.dls.streamer.configuration - INFO :: ##################################### End #####################################
2025-09-25 21:04:50,696 - MainProcess(23168) - InstallDriver - adsk.dls.streamer.registry - INFO :: registry track file C:\Users\Lenovo\AppData\Local\Autodesk\webdeploy\meta\registry_track is created.
2025-09-25 21:04:50,697 - MainProcess(23168) - InstallDriver - adsk.dls.streamer.registry - INFO :: Existing database is at revision 3
2025-09-25 21:04:50,697 - MainProcess(23168) - InstallDriver - adsk.dls.streamer.registry - INFO :: Existing database is at revision 4
2025-09-25 21:04:50,697 - MainProcess(23168) - InstallDriver - adsk.dls.streamer.process.deploy_process - INFO :: Running pre-checks.
2025-09-25 21:04:50,697 - MainProcess(23168) - InstallDriver - adsk.dls.streamer.prechecks - INFO :: precheckclass:- [<class 'adsk.dls.streamer.prechecks.CheckFolderAccessibility'>, <class 'adsk.dls.streamer.prechecks.CheckSSLCertificateIssue'>, <class 'adsk.dls.streamer.prechecks.CheckNetworkConnectivity'>, <class 'adsk.dls.streamer.prechecks.DiskSpaceFull'>]
2025-09-25 21:04:50,697 - MainProcess(23168) - InstallDriver - adsk.dls.streamer.prechecks - INFO :: Start to execute pre-check:- CheckFolderAccessibility
2025-09-25 21:04:50,697 - MainProcess(23168) - InstallDriver - adsk.dls.streamer.prechecks - INFO :: Creating emptry directory: C:\Users\Lenovo\AppData\Local\Autodesk\check_perm
2025-09-25 21:04:50,698 - MainProcess(23168) - InstallDriver - adsk.dls.streamer.prechecks - INFO :: Directory: C:\Users\Lenovo\AppData\Local\Autodesk\check_perm created successfully
2025-09-25 21:04:50,698 - MainProcess(23168) - InstallDriver - adsk.dls.streamer.prechecks - INFO :: Removing directory: C:\Users\Lenovo\AppData\Local\Autodesk\check_perm
2025-09-25 21:04:50,698 - MainProcess(23168) - InstallDriver - adsk.dls.streamer.prechecks - INFO :: Directory C:\Users\Lenovo\AppData\Local\Autodesk\check_perm removed successfully
2025-09-25 21:04:50,698 - MainProcess(23168) - InstallDriver - adsk.dls.streamer.prechecks - INFO :: Full owner permission found on directory: C:\Users\Lenovo\AppData\Local\Autodesk
2025-09-25 21:04:50,698 - MainProcess(23168) - InstallDriver - adsk.dls.streamer.prechecks - INFO :: Finish executing pre-check:- CheckFolderAccessibility, Result:- SUCCESS
2025-09-25 21:04:50,698 - MainProcess(23168) - InstallDriver - adsk.dls.streamer.prechecks - INFO :: Start to execute pre-check:- CheckSSLCertificateIssue
2025-09-25 21:04:50,698 - MainProcess(23168) - InstallDriver - adsk.dls.streamer.prechecks - INFO :: Checking internet connectivity
2025-09-25 21:04:50,793 - MainProcess(23168) - InstallDriver - adsk.dls.streamer.netlib - INFO :: ProxyServer: 
2025-09-25 21:04:50,793 - MainProcess(23168) - InstallDriver - adsk.dls.streamer.netlib - INFO :: Setup HTTPSHandler
2025-09-25 21:04:50,793 - MainProcess(23168) - InstallDriver - adsk.dls.streamer.netlib - INFO :: Setup AuthHandler
2025-09-25 21:04:50,793 - MainProcess(23168) - InstallDriver - adsk.dls.streamer.netlib - INFO :: Begin of logging network information.
2025-09-25 21:04:50,793 - MainProcess(23168) - InstallDriver - adsk.dls.streamer.netlib - INFO :: Proxy mode: ProxyMode.LEGACY
2025-09-25 21:04:51,214 - MainProcess(23168) - InstallDriver - adsk.dls.streamer.netlib - INFO :: Domain name : dl.appstreaming.autodesk.com, edge server ip : 49.44.154.17
2025-09-25 21:04:51,552 - MainProcess(23168) - InstallDriver - adsk.dls.streamer.process.process - INFO :: The host dl.appstreaming.autodesk.com is accessible
2025-09-25 21:04:51,673 - MainProcess(23168) - InstallDriver - adsk.dls.streamer.process.process - INFO :: S_I: NjQ6ZmY5Yjo6MzEyYzo5YTEx
2025-09-25 21:04:51,673 - MainProcess(23168) - InstallDriver - adsk.dls.streamer.process.process - INFO :: C_PR_I: MTAuMzkuNzEuOTM=
2025-09-25 21:04:51,673 - MainProcess(23168) - InstallDriver - adsk.dls.streamer.process.process - INFO :: Detected proxies: e30=
2025-09-25 21:04:51,673 - MainProcess(23168) - InstallDriver - adsk.dls.streamer.netlib - INFO :: End of logging network information.
2025-09-25 21:04:52,081 - MainProcess(23168) - InstallDriver - adsk.dls.streamer.prechecks - INFO :: Internet connectivity is OK. <adsk.dls.streamer.netlib._ResilientRequest object at 0x000001081A0FE890>
2025-09-25 21:04:52,081 - MainProcess(23168) - InstallDriver - adsk.dls.streamer.prechecks - INFO :: Checking DNS
2025-09-25 21:04:52,161 - MainProcess(23168) - InstallDriver - adsk.dls.streamer.prechecks - INFO :: The domain dl.appstreaming.autodesk.com is accessible
2025-09-25 21:04:52,161 - MainProcess(23168) - InstallDriver - adsk.dls.streamer.prechecks - INFO :: Domain name : dl.appstreaming.autodesk.com, host ip : 49.44.154.17
2025-09-25 21:04:52,161 - MainProcess(23168) - InstallDriver - adsk.dls.streamer.process.process - INFO :: Pulling application manifest: 73e72ada57b7480280f7a6f4a289729f version: None
2025-09-25 21:04:52,163 - MainProcess(23168) - InstallDriver - adsk.dls.streamer.manifests - INFO :: Opening manifest at: https://dl.appstreaming.autodesk.com/production/67316f5e79bc48318aa5f7b6bb58243d/73e72ada57b7480280f7a6f4a289729f/full.json
2025-09-25 21:04:52,247 - MainProcess(23168) - InstallDriver - adsk.dls.streamer.netlib - INFO :: ProxyServer: 
2025-09-25 21:04:52,247 - MainProcess(23168) - InstallDriver - adsk.dls.streamer.netlib - INFO :: Setup HTTPSHandler
2025-09-25 21:04:52,247 - MainProcess(23168) - InstallDriver - adsk.dls.streamer.netlib - INFO :: Setup AuthHandler
2025-09-25 21:04:52,611 - MainProcess(23168) - InstallDriver - adsk.dls.streamer.prechecks - INFO :: No problem in SSL Certificate
2025-09-25 21:04:52,611 - MainProcess(23168) - InstallDriver - adsk.dls.streamer.prechecks - INFO :: Finish executing pre-check:- CheckSSLCertificateIssue, Result:- SUCCESS
2025-09-25 21:04:52,611 - MainProcess(23168) - InstallDriver - adsk.dls.streamer.prechecks - INFO :: Start to execute pre-check:- CheckNetworkConnectivity
2025-09-25 21:04:52,611 - MainProcess(23168) - InstallDriver - adsk.dls.streamer.prechecks - INFO :: Checking internet connectivity
2025-09-25 21:04:52,687 - MainProcess(23168) - InstallDriver - adsk.dls.streamer.netlib - INFO :: ProxyServer: 
2025-09-25 21:04:52,687 - MainProcess(23168) - InstallDriver - adsk.dls.streamer.netlib - INFO :: Setup HTTPSHandler
2025-09-25 21:04:52,687 - MainProcess(23168) - InstallDriver - adsk.dls.streamer.netlib - INFO :: Setup AuthHandler
2025-09-25 21:04:53,005 - MainProcess(23168) - InstallDriver - adsk.dls.streamer.prechecks - INFO :: Internet connectivity is OK. <adsk.dls.streamer.netlib._ResilientRequest object at 0x000001081A126590>
2025-09-25 21:04:53,005 - MainProcess(23168) - InstallDriver - adsk.dls.streamer.prechecks - INFO :: Checking DNS
2025-09-25 21:04:53,071 - MainProcess(23168) - InstallDriver - adsk.dls.streamer.prechecks - INFO :: The domain dl.appstreaming.autodesk.com is accessible
2025-09-25 21:04:53,071 - MainProcess(23168) - InstallDriver - adsk.dls.streamer.prechecks - INFO :: Domain name : dl.appstreaming.autodesk.com, host ip : 49.44.154.17
2025-09-25 21:04:53,143 - MainProcess(23168) - InstallDriver - adsk.dls.streamer.netlib - INFO :: ProxyServer: 
2025-09-25 21:04:53,143 - MainProcess(23168) - InstallDriver - adsk.dls.streamer.netlib - INFO :: Setup HTTPSHandler
2025-09-25 21:04:53,143 - MainProcess(23168) - InstallDriver - adsk.dls.streamer.netlib - INFO :: Setup AuthHandler
2025-09-25 21:04:53,567 - MainProcess(23168) - InstallDriver - adsk.dls.streamer.prechecks - INFO :: Network connectivity is OK <adsk.dls.streamer.netlib._ResilientRequest object at 0x000001081A126510>
2025-09-25 21:04:53,567 - MainProcess(23168) - InstallDriver - adsk.dls.streamer.prechecks - INFO :: Finish executing pre-check:- CheckNetworkConnectivity, Result:- SUCCESS
2025-09-25 21:04:53,567 - MainProcess(23168) - InstallDriver - adsk.dls.streamer.prechecks - INFO :: Start to execute pre-check:- DiskSpaceFull
2025-09-25 21:04:53,567 - MainProcess(23168) - InstallDriver - adsk.dls.streamer.prechecks - INFO :: Checking internet connectivity
2025-09-25 21:04:53,651 - MainProcess(23168) - InstallDriver - adsk.dls.streamer.netlib - INFO :: ProxyServer: 
2025-09-25 21:04:53,651 - MainProcess(23168) - InstallDriver - adsk.dls.streamer.netlib - INFO :: Setup HTTPSHandler
2025-09-25 21:04:53,651 - MainProcess(23168) - InstallDriver - adsk.dls.streamer.netlib - INFO :: Setup AuthHandler
2025-09-25 21:04:53,966 - MainProcess(23168) - InstallDriver - adsk.dls.streamer.prechecks - INFO :: Internet connectivity is OK. <adsk.dls.streamer.netlib._ResilientRequest object at 0x000001081A1264D0>
2025-09-25 21:04:53,966 - MainProcess(23168) - InstallDriver - adsk.dls.streamer.prechecks - INFO :: Checking DNS
2025-09-25 21:04:54,031 - MainProcess(23168) - InstallDriver - adsk.dls.streamer.prechecks - INFO :: The domain dl.appstreaming.autodesk.com is accessible
2025-09-25 21:04:54,033 - MainProcess(23168) - InstallDriver - adsk.dls.streamer.prechecks - INFO :: Domain name : dl.appstreaming.autodesk.com, host ip : 49.44.154.17
2025-09-25 21:04:54,033 - MainProcess(23168) - InstallDriver - adsk.dls.streamer.process.process - INFO :: Pulling application manifest: 73e72ada57b7480280f7a6f4a289729f version: None
2025-09-25 21:04:54,033 - MainProcess(23168) - InstallDriver - adsk.dls.streamer.manifests - INFO :: Opening manifest at: https://dl.appstreaming.autodesk.com/production/67316f5e79bc48318aa5f7b6bb58243d/73e72ada57b7480280f7a6f4a289729f/full.json
2025-09-25 21:04:54,116 - MainProcess(23168) - InstallDriver - adsk.dls.streamer.netlib - INFO :: ProxyServer: 
2025-09-25 21:04:54,116 - MainProcess(23168) - InstallDriver - adsk.dls.streamer.netlib - INFO :: Setup HTTPSHandler
2025-09-25 21:04:54,116 - MainProcess(23168) - InstallDriver - adsk.dls.streamer.netlib - INFO :: Setup AuthHandler
2025-09-25 21:04:54,455 - MainProcess(23168) - InstallDriver - adsk.dls.streamer.prechecks - INFO :: Sufficient disk space found on system.
2025-09-25 21:04:54,455 - MainProcess(23168) - InstallDriver - adsk.dls.streamer.prechecks - INFO :: Finish executing pre-check:- DiskSpaceFull, Result:- SUCCESS
2025-09-25 21:04:54,455 - MainProcess(23168) - InstallDriver - adsk.dls.streamer.process.deploy_process - INFO :: Pre-check run is complete. Return value: {}
2025-09-25 21:04:54,455 - MainProcess(23168) - InstallDriver - adsk.dls.streamer.process.process - INFO :: Pulling application manifest: 73e72ada57b7480280f7a6f4a289729f version: None
2025-09-25 21:04:54,455 - MainProcess(23168) - InstallDriver - adsk.dls.streamer.manifests - INFO :: Opening manifest at: https://dl.appstreaming.autodesk.com/production/67316f5e79bc48318aa5f7b6bb58243d/73e72ada57b7480280f7a6f4a289729f/full.json
2025-09-25 21:04:54,539 - MainProcess(23168) - InstallDriver - adsk.dls.streamer.netlib - INFO :: ProxyServer: 
2025-09-25 21:04:54,540 - MainProcess(23168) - InstallDriver - adsk.dls.streamer.netlib - INFO :: Setup HTTPSHandler
2025-09-25 21:04:54,540 - MainProcess(23168) - InstallDriver - adsk.dls.streamer.netlib - INFO :: Setup AuthHandler
2025-09-25 21:04:54,954 - MainProcess(23168) - InstallDriver - adsk.dls.streamer.process.process - INFO :: The session id is 06dbe0bd-3461-4737-a2fa-c276a85e72ad
2025-09-25 21:04:54,973 - MainProcess(23168) - InstallDriver - adsk.dls.streamer.process.process - INFO :: Configure app begin Deploy to 2604.1.25 for app 73e72ada57b7480280f7a6f4a289729f
2025-09-25 21:04:54,973 - MainProcess(23168) - InstallDriver - adsk.dls.streamer.process.process - INFO :: Detecting the orphans ... 
2025-09-25 21:04:54,998 - MainProcess(23168) - InstallDriver - adsk.dls.streamer.process.process - INFO :: Package with pk a8aa32f22408eb987c4fe2f440dfe46b8973621a detected on system skipping install.
2025-09-25 21:04:54,998 - MainProcess(23168) - InstallDriver - adsk.dls.streamer.process.process - INFO :: Package with pk d2a44f25adeddcd72ce3ded18f440548aeb01e62 detected on system skipping install.
2025-09-25 21:04:54,998 - MainProcess(23168) - InstallDriver - adsk.dls.streamer.process.process - INFO :: Package with pk 27c3221ddec962aacc7f2b8b6c7c5150133fd43e detected on system skipping install.
2025-09-25 21:04:54,998 - MainProcess(23168) - InstallDriver - adsk.dls.streamer.process.process - INFO :: Package with pk 27bf30fbd7d8b8ade5d8e98932bc0a796442d735 detected on system skipping install.
2025-09-25 21:04:54,998 - MainProcess(23168) - InstallDriver - adsk.dls.streamer.process.process - INFO :: Package with pk 35ec4bb13c880e20c648fd7617e90b7af7295b2d detected on system skipping install.
2025-09-25 21:04:55,003 - MainProcess(23168) - InstallDriver - adsk.dls.streamer.process.process - INFO :: Package with pk 8b34031f003e104f0c97d38c7cac650bf86a6177 detected on system skipping install.
2025-09-25 21:04:55,003 - MainProcess(23168) - InstallDriver - adsk.dls.streamer.process.process - INFO :: Package with pk b290592654384ee0f48b48defefcaa9ac6d24f83 detected on system skipping install.
2025-09-25 21:04:55,003 - MainProcess(23168) - InstallDriver - adsk.dls.streamer.process.process - INFO :: Package with pk d22785bec18797f3763f30f2cd945cc190aaa0d5 detected on system skipping install.
2025-09-25 21:04:55,003 - MainProcess(23168) - InstallDriver - adsk.dls.streamer.process.process - INFO :: Package with pk 510579fded0d2f188ec5091b1816d397e08a2b61 detected on system skipping install.
2025-09-25 21:04:55,003 - MainProcess(23168) - InstallDriver - adsk.dls.streamer.process.process - INFO :: Package with pk 2d7863ce288e8679b2e09a71ec37b55dcf0bbebc detected on system skipping install.
2025-09-25 21:04:55,003 - MainProcess(23168) - InstallDriver - adsk.dls.streamer.process.process - INFO :: Package with pk d75088fc008858de112024b4e8a2adadf0940020 detected on system skipping install.
2025-09-25 21:04:55,003 - MainProcess(23168) - InstallDriver - adsk.dls.streamer.process.process - INFO :: Package with pk 647e89fe5f2ef2a475f58f6bb66e7cdfb5eba4b6 detected on system skipping install.
2025-09-25 21:04:55,003 - MainProcess(23168) - InstallDriver - adsk.dls.streamer.process.process - INFO :: Package with pk ea41299320c161df6cd41fb42a33841bd7488778 detected on system skipping install.
2025-09-25 21:04:55,003 - MainProcess(23168) - InstallDriver - adsk.dls.streamer.process.process - INFO :: Package with pk 51ac63a35e90febb5d1039f9bdf03bda6cac1a5d detected on system skipping install.
2025-09-25 21:04:55,003 - MainProcess(23168) - InstallDriver - adsk.dls.streamer.process.process - INFO :: Package with pk 2859dbd080e8ab4a70b397015419f3f186a11a39 detected on system skipping install.
2025-09-25 21:04:55,003 - MainProcess(23168) - InstallDriver - adsk.dls.streamer.process.process - INFO :: Package with pk ebf902ad90d0a79736f95889c2e7b2759b6fdfc5 detected on system skipping install.
2025-09-25 21:04:55,003 - MainProcess(23168) - InstallDriver - adsk.dls.streamer.process.process - INFO :: Package with pk ed0dfc9c7de9db4752a1c40e98261273c7fb1e3e detected on system skipping install.
2025-09-25 21:04:55,003 - MainProcess(23168) - InstallDriver - adsk.dls.streamer.process.process - INFO :: Package with pk 116de9bf876f7a4f2072625ffc7d930e908d5db2 detected on system skipping install.
2025-09-25 21:04:55,003 - MainProcess(23168) - InstallDriver - adsk.dls.streamer.process.process - INFO :: Package with pk 51d84027c8d29eb1c1157a98680a9ba345221acd detected on system skipping install.
2025-09-25 21:04:55,003 - MainProcess(23168) - InstallDriver - adsk.dls.streamer.process.process - INFO :: Package with pk fcad56f75887841cd31819248317e7a83aeffb5b detected on system skipping install.
2025-09-25 21:04:55,003 - MainProcess(23168) - InstallDriver - adsk.dls.streamer.process.process - INFO :: Package with pk a15ff22345291b20986a94ec3db3626dbf476172 detected on system skipping install.
2025-09-25 21:04:55,003 - MainProcess(23168) - InstallDriver - adsk.dls.streamer.process.process - INFO :: Package with pk cb316ce71452bba5c9c532718c24d5cbfae1d4ee detected on system skipping install.
2025-09-25 21:04:55,003 - MainProcess(23168) - InstallDriver - adsk.dls.streamer.process.process - INFO :: Package with pk 90f084e5118310aebf0ce1b1f255004168df30d3 detected on system skipping install.
2025-09-25 21:04:55,003 - MainProcess(23168) - InstallDriver - adsk.dls.streamer.process.process - INFO :: Package with pk a748922e0be928761decc29994df08a5f409843d detected on system skipping install.
2025-09-25 21:04:55,006 - MainProcess(23168) - InstallDriver - adsk.dls.streamer.process.process - INFO :: Package with pk be442128e0e54826d920758837a02e85de1b9e14 detected on system skipping install.
2025-09-25 21:04:55,006 - MainProcess(23168) - InstallDriver - adsk.dls.streamer.process.process - INFO :: Package with pk 8a8c82d18e7ef16a868f89c7dcd1c58e7ea22214 detected on system skipping install.
2025-09-25 21:04:55,006 - MainProcess(23168) - InstallDriver - adsk.dls.streamer.process.process - INFO :: Package with pk 3d92e693836c175ea4ac9b266430b36fe94828da detected on system skipping install.
2025-09-25 21:04:55,006 - MainProcess(23168) - InstallDriver - adsk.dls.streamer.process.process - INFO :: Package with pk 3db95db630f475cc8524022533c7ed36ba965b57 detected on system skipping install.
2025-09-25 21:04:55,006 - MainProcess(23168) - InstallDriver - adsk.dls.streamer.process.process - INFO :: Package with pk 3b40af466ca1f60807d87a14fc81e44c597132e4 detected on system skipping install.
2025-09-25 21:04:55,006 - MainProcess(23168) - InstallDriver - adsk.dls.streamer.process.process - INFO :: Package with pk 8721252418036f7ab7952c426ee3b44bb3158921 detected on system skipping install.
2025-09-25 21:04:55,008 - MainProcess(23168) - InstallDriver - adsk.dls.streamer.process.process - INFO :: Package with pk 0894f13ed207450a7a7c80e41001f2734a2bdb1d detected on system skipping install.
2025-09-25 21:04:55,008 - MainProcess(23168) - InstallDriver - adsk.dls.streamer.process.process - INFO :: Package with pk e0922610c9a0e2089a3ebac48e00a7bf1cc5a168 detected on system skipping install.
2025-09-25 21:04:55,008 - MainProcess(23168) - InstallDriver - adsk.dls.streamer.process.process - INFO :: Package with pk 6460bc869ffc082afd030d910af9258e418d0e8a detected on system skipping install.
2025-09-25 21:04:55,008 - MainProcess(23168) - InstallDriver - adsk.dls.streamer.process.process - INFO :: Package with pk f8965090d24a205331fb58c02af8f929bbe5e4c7 detected on system skipping install.
2025-09-25 21:04:55,008 - MainProcess(23168) - InstallDriver - adsk.dls.streamer.process.process - INFO :: Package with pk f4ba0e6519a7be1c91c23b2c76c739f76b7f051f detected on system skipping install.
2025-09-25 21:04:55,008 - MainProcess(23168) - InstallDriver - adsk.dls.streamer.process.process - INFO :: Package with pk 900430e92d959c417cc8743c00644da8cf5a4e08 detected on system skipping install.
2025-09-25 21:04:55,010 - MainProcess(23168) - InstallDriver - adsk.dls.streamer.process.process - INFO :: Package with pk 5817efeef7a8b108a9246da32dc8540b9e4e12ab detected on system skipping install.
2025-09-25 21:04:55,010 - MainProcess(23168) - InstallDriver - adsk.dls.streamer.process.process - INFO :: Package with pk 136903a728ebeecf4ac074b0451a524e556d8504 detected on system skipping install.
2025-09-25 21:04:55,010 - MainProcess(23168) - InstallDriver - adsk.dls.streamer.process.process - INFO :: Package with pk b1e9956e8240311afc0313e36c3e2b25417541d3 detected on system skipping install.
2025-09-25 21:04:55,010 - MainProcess(23168) - InstallDriver - adsk.dls.streamer.process.process - INFO :: Package with pk dad345c25d95c20bca8f716b6b45b153738cec25 detected on system skipping install.
2025-09-25 21:04:55,010 - MainProcess(23168) - InstallDriver - adsk.dls.streamer.process.process - INFO :: Package with pk 3a6c933984b98c8e640b0422e5f32547516ed3bb detected on system skipping install.
2025-09-25 21:04:55,010 - MainProcess(23168) - InstallDriver - adsk.dls.streamer.process.process - INFO :: Package with pk 7dc43a6eeb4074a0518765d95ace20ac88bf18c9 detected on system skipping install.
2025-09-25 21:04:55,012 - MainProcess(23168) - InstallDriver - adsk.dls.streamer.process.process - INFO :: Package with pk 39b5c6419b37123801a5e298fa0770aff5cb280d detected on system skipping install.
2025-09-25 21:04:55,012 - MainProcess(23168) - InstallDriver - adsk.dls.streamer.process.process - INFO :: Package with pk fc7240b8db22c07e1d186dd9c19f353e9107b417 detected on system skipping install.
2025-09-25 21:04:55,013 - MainProcess(23168) - InstallDriver - adsk.dls.streamer.process.process - INFO :: Package with pk fb8c9811d070eaf06e9eb97820d0f23af14a91fb detected on system skipping install.
2025-09-25 21:04:55,013 - MainProcess(23168) - InstallDriver - adsk.dls.streamer.process.process - INFO :: Package with pk cd398d360d746179da04a19fe608256034f75a64 detected on system skipping install.
2025-09-25 21:04:55,013 - MainProcess(23168) - InstallDriver - adsk.dls.streamer.process.process - INFO :: Package with pk 44b98f9863f8de70e4da279ef2810b286c8f151b detected on system skipping install.
2025-09-25 21:04:55,015 - MainProcess(23168) - InstallDriver - adsk.dls.streamer.process.process - INFO :: Package with pk 1841f7b196891fe52a4b8db0919f2a18c076f39a detected on system skipping install.
2025-09-25 21:04:55,016 - MainProcess(23168) - InstallDriver - adsk.dls.streamer.process.process - INFO :: Package with pk e08f00d286372d00ad2956c30a50dc9e7bef8fba detected on system skipping install.
2025-09-25 21:04:55,016 - MainProcess(23168) - InstallDriver - adsk.dls.streamer.process.process - INFO :: Package with pk 1edd248f0475a89ebcb6e65c6911e73fddf09091 detected on system skipping install.
2025-09-25 21:04:55,016 - MainProcess(23168) - InstallDriver - adsk.dls.streamer.process.process - INFO :: Package with pk 64d5d4e36ecb3d9d4ba9b7d1178e4b1f5600db1e detected on system skipping install.
2025-09-25 21:04:55,016 - MainProcess(23168) - InstallDriver - adsk.dls.streamer.process.process - INFO :: Package with pk 05d5aa8bb4fc73a6ed17526bce8706fb5cffc00d detected on system skipping install.
2025-09-25 21:04:55,018 - MainProcess(23168) - InstallDriver - adsk.dls.streamer.process.process - INFO :: Package with pk 58402b7d923228cc33aaf17a39d362bd0bb4e8ed detected on system skipping install.
2025-09-25 21:04:55,018 - MainProcess(23168) - InstallDriver - adsk.dls.streamer.process.process - INFO :: Package with pk 2b1b263856718b387dcbe2dc2b87e332f411186f detected on system skipping install.
2025-09-25 21:04:55,018 - MainProcess(23168) - InstallDriver - adsk.dls.streamer.process.process - INFO :: Package with pk 3b9382c2ac1a6be1f40dd110954648d878b3945f detected on system skipping install.
2025-09-25 21:04:55,018 - MainProcess(23168) - InstallDriver - adsk.dls.streamer.process.process - INFO :: Package with pk c7257c412bb2ea448a3442fb22aceeb79639acbc detected on system skipping install.
2025-09-25 21:04:55,018 - MainProcess(23168) - InstallDriver - adsk.dls.streamer.process.process - INFO :: Package with pk 9a3111fa574bdd229a5f8b78597da69cc42ca428 detected on system skipping install.
2025-09-25 21:04:55,018 - MainProcess(23168) - InstallDriver - adsk.dls.streamer.process.process - INFO :: Package with pk 886dca0bffc9d971fb0bb24c16d6942206046d47 detected on system skipping install.
2025-09-25 21:04:55,018 - MainProcess(23168) - InstallDriver - adsk.dls.streamer.process.process - INFO :: Package with pk d2f56f59de1be6be8a9ee5958311abbf4938e850 detected on system skipping install.
2025-09-25 21:04:55,018 - MainProcess(23168) - InstallDriver - adsk.dls.streamer.process.process - INFO :: Package with pk e2c85b48fb86328430d3e1d3dc89c58636496b45 detected on system skipping install.
2025-09-25 21:04:55,018 - MainProcess(23168) - InstallDriver - adsk.dls.streamer.process.process - INFO :: Package with pk caff8ebf3f13beb3664939d51b010522e99070a8 detected on system skipping install.
2025-09-25 21:04:55,018 - MainProcess(23168) - InstallDriver - adsk.dls.streamer.process.process - INFO :: Package with pk 4cc4fc5ded8c153327bd927b362d2dcd1a6a8c0e detected on system skipping install.
2025-09-25 21:04:55,023 - MainProcess(23168) - InstallDriver - adsk.dls.streamer.process.process - INFO :: Package with pk 8a837175ed7576990067536aef3a3ef4f9b61fa8 detected on system skipping install.
2025-09-25 21:04:55,023 - MainProcess(23168) - InstallDriver - adsk.dls.streamer.process.process - INFO :: Executing special action 839cfbb44dc7466fa5ed8a9c7e749813(CHECK_SUPPORTED_OS)
2025-09-25 21:04:55,023 - MainProcess(23168) - InstallDriver - adsk.dls.streamer.platform_base - INFO :: Required OS version: [10, 0, 17763]
2025-09-25 21:04:55,236 - MainProcess(23168) - InstallDriver - adsk.dls.streamer.platform_base - INFO :: Required OS version found.
2025-09-25 21:04:55,236 - MainProcess(23168) - InstallDriver - adsk.dls.streamer.process.process - INFO :: Executing special action 1b891e3c161b456cb570ff9a05c8a9c8(INITIAL_INSTALL_DELETE_FILES)
2025-09-25 21:04:55,237 - MainProcess(23168) - InstallDriver - adsk.dls.streamer.process.process - INFO :: Pulling package manifest: 4b91141c503e6a4e1767e5e2c7994114615bc492
2025-09-25 21:04:55,237 - MainProcess(23168) - InstallDriver - adsk.dls.streamer.manifests - INFO :: Opening manifest at: https://dl.appstreaming.autodesk.com/production/packages/4b91141c503e6a4e1767e5e2c7994114615bc492.json
2025-09-25 21:04:55,293 - MainProcess(23168) - InstallDriver - adsk.dls.streamer.netlib - INFO :: ProxyServer: 
2025-09-25 21:04:55,293 - MainProcess(23168) - InstallDriver - adsk.dls.streamer.netlib - INFO :: Setup HTTPSHandler
2025-09-25 21:04:55,293 - MainProcess(23168) - InstallDriver - adsk.dls.streamer.netlib - INFO :: Setup AuthHandler
2025-09-25 21:04:55,752 - MainProcess(23168) - ThreadPoolExecutor-1_1 - adsk.dls.streamer.process.process - INFO :: Downloading archive from https://dl.appstreaming.autodesk.com/production/packages/1dc4f41f77d183c3a8b44f96c3d70aa338d05438.tar.xz for package 4b91141c503e6a4e1767e5e2c7994114615bc492
2025-09-25 21:04:55,752 - MainProcess(23168) - ThreadPoolExecutor-1_2 - adsk.dls.streamer.process.process - INFO :: Downloading archive from https://dl.appstreaming.autodesk.com/production/packages/f366e9d320053b51b3258fb653c12e5efe21859d.tar.xz for package 4b91141c503e6a4e1767e5e2c7994114615bc492
2025-09-25 21:04:55,788 - MainProcess(23168) - ThreadPoolExecutor-1_0 - adsk.dls.streamer.process.process - INFO :: Start executing tasks thread
2025-09-25 21:04:55,841 - MainProcess(23168) - ThreadPoolExecutor-1_1 - adsk.dls.streamer.netlib - INFO :: ProxyServer: 
2025-09-25 21:04:55,858 - MainProcess(23168) - ThreadPoolExecutor-1_1 - adsk.dls.streamer.netlib - INFO :: Setup HTTPSHandler
2025-09-25 21:04:55,858 - MainProcess(23168) - ThreadPoolExecutor-1_1 - adsk.dls.streamer.netlib - INFO :: Setup AuthHandler
2025-09-25 21:04:55,878 - MainProcess(23168) - ThreadPoolExecutor-1_2 - adsk.dls.streamer.netlib - INFO :: ProxyServer: 
2025-09-25 21:04:55,878 - MainProcess(23168) - ThreadPoolExecutor-1_2 - adsk.dls.streamer.netlib - INFO :: Setup HTTPSHandler
2025-09-25 21:04:55,878 - MainProcess(23168) - ThreadPoolExecutor-1_2 - adsk.dls.streamer.netlib - INFO :: Setup AuthHandler
2025-09-25 21:04:56,292 - MainProcess(23168) - ThreadPoolExecutor-1_1 - adsk.dls.streamer.process.process - INFO :: Extract path resolves to: \\?\C:\Users\Lenovo\AppData\Local\Autodesk\webdeploy\production\37a4fdb912fcb7645f48036186017c0cc6730354
2025-09-25 21:04:56,368 - MainProcess(23168) - ThreadPoolExecutor-1_2 - adsk.dls.streamer.process.process - INFO :: Extract path resolves to: \\?\C:\Users\Lenovo\AppData\Local\Autodesk\webdeploy\production\37a4fdb912fcb7645f48036186017c0cc6730354
2025-09-25 21:05:00,214 - MainProcess(23168) - ThreadPoolExecutor-1_2 - adsk.dls.streamer.process.process - INFO :: package installation complete
2025-09-25 21:05:09,688 - MainProcess(23168) - ThreadPoolExecutor-1_1 - adsk.dls.streamer.process.process - INFO :: package installation complete
2025-09-25 21:05:09,688 - MainProcess(23168) - ThreadPoolExecutor-1_0 - adsk.dls.streamer.process.process - INFO :: Begin perform postdeploy tasks for package 4b91141c503e6a4e1767e5e2c7994114615bc492
2025-09-25 21:05:09,688 - MainProcess(23168) - ThreadPoolExecutor-1_0 - adsk.dls.streamer.process.process - INFO :: Executing special action e10f096356f7470ea58e13af02d1ba7c(UPDATE_PINNABLE_LAUNCHER)
2025-09-25 21:05:09,688 - MainProcess(23168) - ThreadPoolExecutor-1_0 - adsk.dls.streamer.process.process - WARNING :: Special action e11b50c4e45d49c68aa944c2e476a76f(Unknown) was not in registry
2025-09-25 21:05:09,688 - MainProcess(23168) - ThreadPoolExecutor-1_0 - adsk.dls.streamer.process.process - INFO :: Executing special action b32513729518446bbd4984e704827353(WRITE_GA_APPNAME)
2025-09-25 21:05:09,688 - MainProcess(23168) - ThreadPoolExecutor-1_0 - adsk.dls.streamer.utils - INFO :: Writing analytics session information to \\?\C:\Users\Lenovo\AppData\Local\Autodesk\webdeploy\production\37a4fdb912fcb7645f48036186017c0cc6730354\streamingsession.json
2025-09-25 21:05:09,701 - MainProcess(23168) - ThreadPoolExecutor-1_0 - adsk.dls.streamer.process.process - INFO :: Executing special action 7df3ec3a7e8d40ada66494b9dc32dc4e(ACTIVATE_CONFIG)
2025-09-25 21:05:09,715 - MainProcess(23168) - ThreadPoolExecutor-1_0 - adsk.dls.streamer.process.process - INFO :: Activating configuration file at \\?\C:\Users\Lenovo\AppData\Local\Autodesk\webdeploy\production\37a4fdb912fcb7645f48036186017c0cc6730354\Applications\Fusion\Fusion360App\ApplicationOptions.production.json as \\?\C:\Users\Lenovo\AppData\Local\Autodesk\webdeploy\production\37a4fdb912fcb7645f48036186017c0cc6730354\Fusion 360.server.config
2025-09-25 21:05:09,715 - MainProcess(23168) - ThreadPoolExecutor-1_0 - adsk.dls.streamer.process.process - INFO :: But first deleting pre-existing target
2025-09-25 21:05:09,734 - MainProcess(23168) - ThreadPoolExecutor-1_0 - adsk.dls.streamer.process.process - INFO :: Activating configuration file at \\?\C:\Users\Lenovo\AppData\Local\Autodesk\webdeploy\production\37a4fdb912fcb7645f48036186017c0cc6730354\Applications\Fusion\Fusion360App\AdpSDKGlobal.production.config as \\?\C:\Users\Lenovo\AppData\Local\Autodesk\webdeploy\production\37a4fdb912fcb7645f48036186017c0cc6730354\AdpSDKGlobal.config
2025-09-25 21:05:09,737 - MainProcess(23168) - ThreadPoolExecutor-1_0 - adsk.dls.streamer.process.process - INFO :: But first deleting pre-existing target
2025-09-25 21:05:09,754 - MainProcess(23168) - ThreadPoolExecutor-1_0 - adsk.dls.streamer.process.process - INFO :: Activating configuration file at \\?\C:\Users\Lenovo\AppData\Local\Autodesk\webdeploy\production\37a4fdb912fcb7645f48036186017c0cc6730354\Applications\Fusion\Fusion360App\adpdesktopsdk.production.env as \\?\C:\Users\Lenovo\AppData\Local\Autodesk\webdeploy\production\37a4fdb912fcb7645f48036186017c0cc6730354\adpdesktopsdk.env
2025-09-25 21:05:09,754 - MainProcess(23168) - ThreadPoolExecutor-1_0 - adsk.dls.streamer.process.process - INFO :: But first deleting pre-existing target
2025-09-25 21:05:09,757 - MainProcess(23168) - ThreadPoolExecutor-1_0 - adsk.dls.streamer.process.process - INFO :: Executing special action 8df63efc00a94e9aa262d921a044c83a(PROCESS_TEMPLATE)
2025-09-25 21:05:09,759 - MainProcess(23168) - ThreadPoolExecutor-1_0 - adsk.dls.streamer.process.process - INFO :: Executing special action 9a6f9239365141149849b3081dc3fd7c(WRITE_STREAMER_OPTIONS)
2025-09-25 21:05:09,759 - MainProcess(23168) - ThreadPoolExecutor-1_0 - adsk.dls.streamer.utils - INFO :: Write value '0' to option 'GlobalInstall'
2025-09-25 21:05:09,759 - MainProcess(23168) - ThreadPoolExecutor-1_0 - adsk.dls.streamer.utils - INFO :: Remove option 'DevBuild'
2025-09-25 21:05:09,831 - MainProcess(23168) - ThreadPoolExecutor-1_0 - adsk.dls.streamer.netlib - INFO :: ProxyServer: 
2025-09-25 21:05:09,831 - MainProcess(23168) - ThreadPoolExecutor-1_0 - adsk.dls.streamer.netlib - INFO :: Setup HTTPSHandler
2025-09-25 21:05:09,831 - MainProcess(23168) - ThreadPoolExecutor-1_0 - adsk.dls.streamer.netlib - INFO :: Setup AuthHandler
2025-09-25 21:05:10,150 - MainProcess(23168) - ThreadPoolExecutor-1_0 - adsk.dls.streamer.process.process - INFO :: The ETag of url https://dl.appstreaming.autodesk.com/production/67316f5e79bc48318aa5f7b6bb58243d/73e72ada57b7480280f7a6f4a289729f/full.json is 6fb9cd461927e8591f7e45563805207d:1758160733.675297
2025-09-25 21:05:10,150 - MainProcess(23168) - ThreadPoolExecutor-1_0 - adsk.dls.streamer.utils - INFO :: Write value 'https://dl.appstreaming.autodesk.com/production/67316f5e79bc48318aa5f7b6bb58243d/73e72ada57b7480280f7a6f4a289729f/full.json' to option 'StreamerRootUrl'
2025-09-25 21:05:10,150 - MainProcess(23168) - ThreadPoolExecutor-1_0 - adsk.dls.streamer.utils - INFO :: Write value '6fb9cd461927e8591f7e45563805207d:1758160733.675297' to option 'ETag'
2025-09-25 21:05:10,150 - MainProcess(23168) - ThreadPoolExecutor-1_0 - adsk.dls.streamer.utils - INFO :: Write value 'production' to option 'InstallStream'
2025-09-25 21:05:10,150 - MainProcess(23168) - ThreadPoolExecutor-1_0 - adsk.dls.streamer.process.process - INFO :: Executing special action 1341bb4b8566410e9c7c8aef52bcb222(FILE_ASSOCIATIONS)
2025-09-25 21:05:10,171 - MainProcess(23168) - ThreadPoolExecutor-1_0 - adsk.dls.streamer.manifests - WARNING :: File reference with id abd72029628f448888fa727750794db8 was not found
2025-09-25 21:05:10,173 - MainProcess(23168) - ThreadPoolExecutor-1_0 - adsk.dls.streamer.process.process - INFO :: Executing special action 4afd20f9b05b4349869fb10841d11444(DELIVER_ICON)
2025-09-25 21:05:10,173 - MainProcess(23168) - ThreadPoolExecutor-1_0 - adsk.dls.streamer.windows.platform - INFO :: Deliver the icon of Fusion360.exe to the same folder as the Pinnable launcher.
2025-09-25 21:05:10,182 - MainProcess(23168) - ThreadPoolExecutor-1_0 - adsk.dls.streamer.windows.platform - INFO :: The location of Fusion360 icon is: \\?\C:\Users\Lenovo\AppData\Local\Autodesk\webdeploy\production\6a0c9611291d45bb9226980209917c3d
2025-09-25 21:05:10,182 - MainProcess(23168) - ThreadPoolExecutor-1_0 - adsk.dls.streamer.windows.platform - INFO :: \\?\C:\Users\Lenovo\AppData\Local\Autodesk\webdeploy\production\6a0c9611291d45bb9226980209917c3d\Fusion360.ico stat result: os.stat_result(st_mode=33206, st_ino=4785074604466552, st_dev=3194222095, st_nlink=1, st_uid=0, st_gid=0, st_size=177333, st_atime=1758129645, st_mtime=1758129645, st_ctime=1758814384)
2025-09-25 21:05:10,182 - MainProcess(23168) - ThreadPoolExecutor-1_0 - adsk.dls.streamer.windows.platform - INFO :: \\?\C:\Users\Lenovo\AppData\Local\Autodesk\webdeploy\production\6a0c9611291d45bb9226980209917c3d\Fusion360.ico st_file_attributes: 32
2025-09-25 21:05:10,187 - MainProcess(23168) - ThreadPoolExecutor-1_0 - adsk.dls.streamer.windows.platform - INFO :: The location of Fusion360 icon is: \\?\C:\Users\Lenovo\AppData\Local\Autodesk\webdeploy\production\6a0c9611291d45bb9226980209917c3d
2025-09-25 21:05:10,187 - MainProcess(23168) - ThreadPoolExecutor-1_0 - adsk.dls.streamer.windows.platform - INFO :: \\?\C:\Users\Lenovo\AppData\Local\Autodesk\webdeploy\production\6a0c9611291d45bb9226980209917c3d\Fusion360Develop.ico stat result: os.stat_result(st_mode=33206, st_ino=1970324837363646, st_dev=3194222095, st_nlink=1, st_uid=0, st_gid=0, st_size=40507, st_atime=1758129711, st_mtime=1758129711, st_ctime=1758814384)
2025-09-25 21:05:10,187 - MainProcess(23168) - ThreadPoolExecutor-1_0 - adsk.dls.streamer.windows.platform - INFO :: \\?\C:\Users\Lenovo\AppData\Local\Autodesk\webdeploy\production\6a0c9611291d45bb9226980209917c3d\Fusion360Develop.ico st_file_attributes: 32
2025-09-25 21:05:10,187 - MainProcess(23168) - ThreadPoolExecutor-1_0 - adsk.dls.streamer.windows.platform - INFO :: The location of Fusion360 icon is: \\?\C:\Users\Lenovo\AppData\Local\Autodesk\webdeploy\production\6a0c9611291d45bb9226980209917c3d
2025-09-25 21:05:10,187 - MainProcess(23168) - ThreadPoolExecutor-1_0 - adsk.dls.streamer.windows.platform - INFO :: \\?\C:\Users\Lenovo\AppData\Local\Autodesk\webdeploy\production\6a0c9611291d45bb9226980209917c3d\Fusion360Insider.ico stat result: os.stat_result(st_mode=33206, st_ino=1688849860652991, st_dev=3194222095, st_nlink=1, st_uid=0, st_gid=0, st_size=39964, st_atime=1758129711, st_mtime=1758129711, st_ctime=1758814384)
2025-09-25 21:05:10,187 - MainProcess(23168) - ThreadPoolExecutor-1_0 - adsk.dls.streamer.windows.platform - INFO :: \\?\C:\Users\Lenovo\AppData\Local\Autodesk\webdeploy\production\6a0c9611291d45bb9226980209917c3d\Fusion360Insider.ico st_file_attributes: 32
2025-09-25 21:05:10,194 - MainProcess(23168) - ThreadPoolExecutor-1_0 - adsk.dls.streamer.windows.platform - INFO :: The location of Fusion360 icon is: \\?\C:\Users\Lenovo\AppData\Local\Autodesk\webdeploy\production\6a0c9611291d45bb9226980209917c3d
2025-09-25 21:05:10,194 - MainProcess(23168) - ThreadPoolExecutor-1_0 - adsk.dls.streamer.windows.platform - INFO :: \\?\C:\Users\Lenovo\AppData\Local\Autodesk\webdeploy\production\6a0c9611291d45bb9226980209917c3d\Fusion360Major.ico stat result: os.stat_result(st_mode=33206, st_ino=1688849860652992, st_dev=3194222095, st_nlink=1, st_uid=0, st_gid=0, st_size=39624, st_atime=1758129711, st_mtime=1758129711, st_ctime=1758814384)
2025-09-25 21:05:10,194 - MainProcess(23168) - ThreadPoolExecutor-1_0 - adsk.dls.streamer.windows.platform - INFO :: \\?\C:\Users\Lenovo\AppData\Local\Autodesk\webdeploy\production\6a0c9611291d45bb9226980209917c3d\Fusion360Major.ico st_file_attributes: 32
2025-09-25 21:05:10,197 - MainProcess(23168) - ThreadPoolExecutor-1_0 - adsk.dls.streamer.windows.platform - INFO :: The location of Fusion360 icon is: \\?\C:\Users\Lenovo\AppData\Local\Autodesk\webdeploy\production\6a0c9611291d45bb9226980209917c3d
2025-09-25 21:05:10,197 - MainProcess(23168) - ThreadPoolExecutor-1_0 - adsk.dls.streamer.windows.platform - INFO :: \\?\C:\Users\Lenovo\AppData\Local\Autodesk\webdeploy\production\6a0c9611291d45bb9226980209917c3d\Fusion360Minor.ico stat result: os.stat_result(st_mode=33206, st_ino=1688849860652993, st_dev=3194222095, st_nlink=1, st_uid=0, st_gid=0, st_size=39217, st_atime=1758129711, st_mtime=1758129711, st_ctime=1758814384)
2025-09-25 21:05:10,197 - MainProcess(23168) - ThreadPoolExecutor-1_0 - adsk.dls.streamer.windows.platform - INFO :: \\?\C:\Users\Lenovo\AppData\Local\Autodesk\webdeploy\production\6a0c9611291d45bb9226980209917c3d\Fusion360Minor.ico st_file_attributes: 32
2025-09-25 21:05:10,201 - MainProcess(23168) - ThreadPoolExecutor-1_0 - adsk.dls.streamer.windows.platform - INFO :: The location of Fusion360 icon is: \\?\C:\Users\Lenovo\AppData\Local\Autodesk\webdeploy\production\6a0c9611291d45bb9226980209917c3d
2025-09-25 21:05:10,201 - MainProcess(23168) - ThreadPoolExecutor-1_0 - adsk.dls.streamer.windows.platform - INFO :: \\?\C:\Users\Lenovo\AppData\Local\Autodesk\webdeploy\production\6a0c9611291d45bb9226980209917c3d\Fusion360PR.ico stat result: os.stat_result(st_mode=33206, st_ino=1688849860652994, st_dev=3194222095, st_nlink=1, st_uid=0, st_gid=0, st_size=38223, st_atime=1758129711, st_mtime=1758129711, st_ctime=1758814384)
2025-09-25 21:05:10,201 - MainProcess(23168) - ThreadPoolExecutor-1_0 - adsk.dls.streamer.windows.platform - INFO :: \\?\C:\Users\Lenovo\AppData\Local\Autodesk\webdeploy\production\6a0c9611291d45bb9226980209917c3d\Fusion360PR.ico st_file_attributes: 32
2025-09-25 21:05:10,203 - MainProcess(23168) - ThreadPoolExecutor-1_0 - adsk.dls.streamer.process.process - WARNING :: Special action abd8ee230bcc49f9a56035b8eefedeed(REGISTER_UNINSTALL) was not in registry
2025-09-25 21:05:10,203 - MainProcess(23168) - ThreadPoolExecutor-1_0 - adsk.dls.streamer.process.process - INFO :: Executing special action 5ca4357a038540d58fb2092e8a9329a9(REGISTER_SAFE_MODE)
2025-09-25 21:05:10,203 - MainProcess(23168) - ThreadPoolExecutor-1_0 - adsk.dls.streamer.self_deploy - INFO :: Streamer folder "C:\Users\Lenovo\AppData\Local\Autodesk\webdeploy\meta\streamer\20230718160705" is found
2025-09-25 21:05:10,203 - MainProcess(23168) - ThreadPoolExecutor-1_0 - adsk.dls.streamer.self_deploy - INFO :: Find the latest streamer executable "C:\Users\Lenovo\AppData\Local\Autodesk\webdeploy\meta\streamer\20230718160705\streamer.exe"
2025-09-25 21:05:10,203 - MainProcess(23168) - ThreadPoolExecutor-1_0 - adsk.dls.streamer.self_deploy - WARNING :: Already installed the latest streamer, do not need to update the streamer
2025-09-25 21:05:10,203 - MainProcess(23168) - ThreadPoolExecutor-1_0 - adsk.dls.streamer.self_deploy - INFO :: Streamer folder "C:\Users\Lenovo\AppData\Local\Autodesk\webdeploy\meta\streamer\20230718160705" is found
2025-09-25 21:05:10,203 - MainProcess(23168) - ThreadPoolExecutor-1_0 - adsk.dls.streamer.self_deploy - INFO :: Find the latest streamer executable "C:\Users\Lenovo\AppData\Local\Autodesk\webdeploy\meta\streamer\20230718160705\streamer.exe"
2025-09-25 21:05:10,208 - MainProcess(23168) - ThreadPoolExecutor-1_0 - adsk.dls.streamer.self_deploy - INFO :: Create shortcut file: C:\Users\Lenovo\AppData\Local\Autodesk\webdeploy\meta\streamer\streamer.bat
2025-09-25 21:05:10,208 - MainProcess(23168) - ThreadPoolExecutor-1_0 - adsk.dls.streamer.windows.platform - INFO :: Creating safe mode registry key "Software\Microsoft\Windows\CurrentVersion\Uninstall\73e72ada57b7480280f7a6f4a289729f"
2025-09-25 21:05:10,208 - MainProcess(23168) - ThreadPoolExecutor-1_0 - adsk.dls.streamer.windows.platform - INFO :: original name: Autodesk Fusion
2025-09-25 21:05:10,208 - MainProcess(23168) - ThreadPoolExecutor-1_0 - adsk.dls.streamer.windows.platform - INFO :: stream name: production
2025-09-25 21:05:10,208 - MainProcess(23168) - ThreadPoolExecutor-1_0 - adsk.dls.streamer.windows.platform - INFO :: new name: Autodesk Fusion
2025-09-25 21:05:10,238 - MainProcess(23168) - ThreadPoolExecutor-1_0 - adsk.dls.streamer.windows.platform - INFO :: original launch icon: C:\Users\Lenovo\AppData\Local\Autodesk\webdeploy\production\6a0c9611291d45bb9226980209917c3d\Fusion360.ico Fusion360.ico
2025-09-25 21:05:10,238 - MainProcess(23168) - ThreadPoolExecutor-1_0 - adsk.dls.streamer.windows.platform - INFO :: new launch icon: C:\Users\Lenovo\AppData\Local\Autodesk\webdeploy\production\6a0c9611291d45bb9226980209917c3d\Fusion360.ico
2025-09-25 21:05:10,238 - MainProcess(23168) - ThreadPoolExecutor-1_0 - adsk.dls.streamer.process.process - INFO :: Executing special action 3af6a9fa26704d868bb90e12b3aed9be(EXTERNAL_INSTALLS)
2025-09-25 21:05:10,244 - MainProcess(23168) - ThreadPoolExecutor-1_0 - adsk.dls.streamer.manifests - WARNING :: File reference with id abd72029628f448888fa727750794db8 was not found
2025-09-25 21:05:10,244 - MainProcess(23168) - ThreadPoolExecutor-1_0 - adsk.dls.streamer.process.process - INFO :: Executing special action 0b9a4c1251914f7facc25616ea0f9de3(CREATE_LAUNCH_ITEMS)
2025-09-25 21:05:10,253 - MainProcess(23168) - ThreadPoolExecutor-1_0 - adsk.dls.streamer.manifests - WARNING :: File reference with id abd72029628f448888fa727750794db8 was not found
2025-09-25 21:05:10,253 - MainProcess(23168) - ThreadPoolExecutor-1_0 - adsk.dls.streamer.windows.platform - INFO :: \\?\C:\Users\Lenovo\AppData\Local\Autodesk\webdeploy\production\6a0c9611291d45bb9226980209917c3d\FusionLauncher.exe is launchable. Creating a shortcut
2025-09-25 21:05:10,263 - MainProcess(23168) - ThreadPoolExecutor-1_0 - adsk.dls.streamer.windows.platform - INFO :: original name: Autodesk Fusion
2025-09-25 21:05:10,263 - MainProcess(23168) - ThreadPoolExecutor-1_0 - adsk.dls.streamer.windows.platform - INFO :: stream name: production
2025-09-25 21:05:10,263 - MainProcess(23168) - ThreadPoolExecutor-1_0 - adsk.dls.streamer.windows.platform - INFO :: new name: Autodesk Fusion
2025-09-25 21:05:10,263 - MainProcess(23168) - ThreadPoolExecutor-1_0 - adsk.dls.streamer.windows.platform - INFO :: original launch icon: C:\Users\Lenovo\AppData\Local\Autodesk\webdeploy\production\6a0c9611291d45bb9226980209917c3d\Fusion360.ico Fusion360.ico
2025-09-25 21:05:10,263 - MainProcess(23168) - ThreadPoolExecutor-1_0 - adsk.dls.streamer.windows.platform - INFO :: new launch icon: C:\Users\Lenovo\AppData\Local\Autodesk\webdeploy\production\6a0c9611291d45bb9226980209917c3d\Fusion360.ico
2025-09-25 21:05:10,330 - MainProcess(23168) - ThreadPoolExecutor-1_0 - adsk.dls.streamer.windows.platform - INFO :: original name: Autodesk Fusion
2025-09-25 21:05:10,330 - MainProcess(23168) - ThreadPoolExecutor-1_0 - adsk.dls.streamer.windows.platform - INFO :: stream name: production
2025-09-25 21:05:10,330 - MainProcess(23168) - ThreadPoolExecutor-1_0 - adsk.dls.streamer.windows.platform - INFO :: new name: Autodesk Fusion
2025-09-25 21:05:10,330 - MainProcess(23168) - ThreadPoolExecutor-1_0 - adsk.dls.streamer.windows.platform - INFO :: original launch icon: C:\Users\Lenovo\AppData\Local\Autodesk\webdeploy\production\6a0c9611291d45bb9226980209917c3d\Fusion360.ico Fusion360.ico
2025-09-25 21:05:10,330 - MainProcess(23168) - ThreadPoolExecutor-1_0 - adsk.dls.streamer.windows.platform - INFO :: new launch icon: C:\Users\Lenovo\AppData\Local\Autodesk\webdeploy\production\6a0c9611291d45bb9226980209917c3d\Fusion360.ico
2025-09-25 21:05:10,339 - MainProcess(23168) - ThreadPoolExecutor-1_0 - adsk.dls.streamer.process.process - WARNING :: Exception processing tasks for 4b91141c503e6a4e1767e5e2c7994114615bc492: 
2025-09-25 21:05:10,453 - MainProcess(23168) - InstallDriver - adsk.dls.streamer.process.process - INFO :: The host dl.appstreaming.autodesk.com is accessible
2025-09-25 21:05:10,455 - MainProcess(23168) - InstallDriver - adsk.dls.streamer.process.process - INFO :: S_I: NjQ6ZmY5Yjo6MzEyYzo5YTEx
2025-09-25 21:05:10,457 - MainProcess(23168) - InstallDriver - adsk.dls.streamer.process.process - INFO :: C_PR_I: MTAuMzkuNzEuOTM=
2025-09-25 21:05:11,630 - MainProcess(23168) - InstallDriver - adsk.dls.streamer.process.process - INFO :: Local DNS: U2VydmVyOiAgVW5Lbm93bg0sIEFkZHJlc3M6ICAxMC4zOS43MS4yMTkN
2025-09-25 21:05:11,630 - MainProcess(23168) - InstallDriver - adsk.dls.streamer.process.process - INFO :: Detected proxies: e30=
2025-09-25 21:05:11,631 - MainProcess(23168) - InstallDriver - adsk.dls.streamer.process.process - ERROR :: Exception during processing:
Traceback (most recent call last):
  File "R:\src\adsk\dls\streamer\process\process.py", line 1186, in execute
  File "R:\src\adsk\dls\streamer\process\deploy_process.py", line 95, in execute_without_errorhandling
  File "R:\src\adsk\dls\streamer\process\process.py", line 1116, in execute_without_errorhandling
  File "R:\src\adsk\dls\streamer\process\process.py", line 932, in _config_app
  File "R:\src\adsk\dls\streamer\process\process.py", line 1928, in _do_installation
  File "R:\src\adsk\dls\streamer\process\process.py", line 1689, in wait_threads
  File "E:\Jenkins\3P\PYTHON\3.11.1\WIN64_1\Lib\concurrent\futures\thread.py", line 58, in run
  File "R:\src\adsk\dls\streamer\process\process.py", line 1809, in execute_tasks
  File "R:\src\adsk\dls\streamer\process\process.py", line 415, in _executetasks
  File "R:\src\adsk\dls\streamer\windows\platform.py", line 344, in create_launch_items
  File "R:\src\adsk\dls\streamer\windows\platform.py", line 444, in _manipulate_shortcuts
  File "R:\src\adsk\dls\streamer\manifests.py", line 807, in walk_external_references
  File "R:\src\adsk\dls\streamer\windows\platform.py", line 401, in __filevisitor
  File "R:\src\adsk\dls\streamer\manifests.py", line 62, in __next__
  File "R:\src\adsk\dls\streamer\manifests.py", line 44, in _manifestvalfor
  File "R:\src\adsk\dls\streamer\manifests.py", line 239, in _process_template_value
  File "R:\src\adsk\dls\streamer\utils.py", line 258, in __call__
  File "E:\Jenkins\3P\PYTHON\3.11.1\WIN64_1\Lib\string.py", line 121, in substitute
  File "E:\Jenkins\3P\PYTHON\3.11.1\WIN64_1\Lib\string.py", line 114, in convert
  File "R:\src\adsk\dls\streamer\manifests.py", line 228, in __getitem__
  File "R:\src\adsk\dls\streamer\configuration.py", line 782, in __getitem__
  File "R:\src\adsk\dls\streamer\windows\platform.py", line 2068, in __getitem__
  File "R:\src\adsk\dls\streamer\platform_base.py", line 108, in __getitem__
IndexError

-------------------------------------------------------------------------------
